pais_id,pais,regiao,renda,pib_pc_ppc,cresc_pib_anual,manufatura_pib_pct,servicos_pib_pct,agricultura_pib_pct,export_tech_pct,educ_superior_pct,educ_secundaria_pct,internet_pop_pct,gerd_pib_pct,patentes_residentes,desemprego_pct,gini,densidade_pop_km2,populacao_total,complexidade_economica,ptf_relativa,escape_arm,aipi_digital,aipi_humano,aipi_inovacao,aipi_regulacao,aipi_total
ABW,Aruba,Latin America & Caribbean ,alta_renda,44558.9287594176,6.81077669324542,2.63057225622421,79.0035997315605,0.0342144315332219,6.86800836378335,14.0655418559377,124.379366731084,97.17,,,,,596.438888888889,107995.0,0.075,84.8,0.6694,97.2,14.1,52.0,50.0,54.4
AFG,Afghanistan,"Middle East, North Africa, Afghanistan & Pakistan",renda_baixa,1983.81261992909,2.26694373649188,7.5409168634476,46.3743698691993,34.7432471445174,0.0,10.85435962677,59.6136016845703,16.09499931,,,13.351,,63.5585008355948,42647492.0,0.079,41.6,0.375,16.1,10.9,50.0,50.0,25.7
AGO,Angola,Sub-Saharan Africa ,renda_media_baixa,8901.88736611562,4.42390664406875,7.62750781911399,41.0551859909358,22.0693262844667,16.6897206933082,9.9549065722902,51.4839046246776,40.70479965,0.03229,2.0,14.108,51.3,29.4777460495709,37885849.0,0.087,62.4,0.3604,40.7,10.0,55.0,50.0,35.2
ALB,Albania,Europe & Central Asia,renda_media_alta,21641.0733223921,4.04592845095348,6.50597363839623,48.6899937474805,15.4519031294331,1.52935344981595,84.1496200561523,108.355392456055,85.86389923,0.19997,23.0,10.926,29.4,88.1056569343066,2377128.0,0.141,74.8,0.6876,85.9,84.1,51.2,50.0,73.7
AND,Andorra,Europe & Central Asia,alta_renda,65928.3071971004,3.37182032638998,3.39743699615492,77.5890386001388,0.46592379640818,21.4346319155008,67.6767676767677,101.923820495605,94.39759827,0.15818,3.0,,,172.034042553191,81938.0,0.152,90.3,0.807,94.4,67.7,56.9,50.0,73.0
ARE,United Arab Emirates,"Middle East, North Africa, Afghanistan & Pakistan",alta_renda,69701.8047983545,3.99180705485398,9.37363347602288,54.9012947560482,0.769419245488961,8.96029397394575,63.7384451086316,102.129724902444,100.0,1.49469,69.0,2.174,26.4,147.616882568291,10986400.0,0.188,91.1,0.7835,100.0,63.7,58.5,50.0,74.1
ARG,Argentina,Latin America & Caribbean ,renda_media_alta,26771.9657650571,-1.34293072157739,15.1850458096465,53.6514046050424,5.80601710915959,3.85019697474113,107.822574129434,105.574584297051,89.66715228,0.60111,406.0,7.145,42.4,16.6399559321662,45696159.0,0.227,77.7,0.7441,89.7,107.8,53.5,50.0,83.7
ARM,Armenia,Europe & Central Asia,renda_media_alta,20078.7848984844,5.90000000046228,10.1577162268666,61.9893697453885,7.80588621754673,23.6403270515259,52.7748065090859,90.9458714101262,81.33930206,0.2861,40.0,12.871,27.4,105.119108748259,3033500.0,0.174,73.7,0.6331,81.3,52.8,58.0,50.0,64.0
ASM,American Samoa,East Asia & Pacific,alta_renda,,1.73501577287065,,,,,,,,,,,,237.605,46765.0,,0.0,0.153,0.0,0.0,50.0,50.0,16.7
ATG,Antigua and Barbuda,Latin America & Caribbean ,alta_renda,29371.637778586,3.65638765956977,2.61299721915496,69.0617140789051,1.94326780682544,0.0,,108.880778588808,72.73040009,,5.0,,,212.081818181818,93772.0,0.02,79.0,0.5711,72.7,0.0,50.0,50.0,40.9
AUS,Australia,East Asia & Pacific,alta_renda,60303.9817116245,1.37340773365975,5.37633044467869,66.1399054113301,2.03565265249391,25.1586416457084,108.421989440918,131.931564331055,96.13140106,1.85783,2966.0,4.09,33.8,3.46591948538875,27196812.0,0.273,89.0,0.8614,96.1,108.4,64.7,50.0,89.7
AUT,Austria,Europe & Central Asia,alta_renda,63788.078678479,-0.659089573171372,15.1337527310645,63.9706809373681,1.21663375792448,18.4525766859019,92.6126708984375,100.622657775879,91.92573373,3.25517,1872.0,5.582,31.2,110.661185167232,9177982.0,0.327,89.8,0.8816,91.9,92.6,68.2,50.0,84.2
AZE,Azerbaijan,Europe & Central Asia,renda_media_alta,22072.1491157176,4.07140205008956,5.23837039030529,42.3163443805061,5.65717090005303,2.91095088102775,41.3413783372226,91.1228035886648,90.80000181,0.20778,119.0,5.457,,122.854906231095,10202830.0,0.087,75.1,0.6808,90.8,41.3,51.7,50.0,61.3
BDI,Burundi,Sub-Saharan Africa ,renda_baixa,1051.25931339275,4.11227376264944,11.5378154113804,43.22195252649,34.9089728751407,1.30508367041098,6.38454008102417,23.1256008148193,8.595999718,0.21312,2.0,0.922,37.5,533.078271028037,14047786.0,0.07,32.7,0.2272,8.6,6.4,51.2,50.0,22.1
BEL,Belgium,Europe & Central Asia,alta_renda,63347.7858809235,1.07045413019414,11.4375020757029,70.9861225353144,0.791636827597192,20.3921453422236,82.1475601196289,142.960266113281,95.77579144,3.27235,799.0,5.906,26.8,386.303731881682,11858610.0,0.302,89.7,0.8738,95.8,82.1,68.9,50.0,82.3
BEN,Benin,Sub-Saharan Africa ,renda_media_baixa,3901.32588494392,7.45311566226201,10.1743449588896,48.8795399933978,24.2317229519649,30.5389584270212,10.2350101470947,43.5606498718262,33.98379898,,,1.589,34.4,125.142195814118,14462724.0,0.217,51.0,0.3798,34.0,10.2,58.9,50.0,34.4
BFA,Burkina Faso,Sub-Saharan Africa ,renda_baixa,2547.67232852209,4.79980951667159,9.49858147123838,43.9471331300685,20.9326147949123,1.64548901950889,10.0419678526515,29.9905774531085,28.25270081,0.10477,,3.477,37.4,84.1585380116959,23548781.0,0.078,45.0,0.3106,28.3,10.0,50.9,50.0,29.7
BGD,Bangladesh,South Asia,renda_media_baixa,8486.78495660517,4.22325911250161,21.8929603584194,51.4166555046575,11.1648014276903,0.539452073551698,23.7295608009814,64.2997191043961,53.42171316,,74.0,3.778,30.9,1319.17979689183,173562364.0,0.162,61.8,0.4723,53.4,23.7,50.2,50.0,42.4
BGR,Bulgaria,Europe & Central Asia,alta_renda,34221.5294617032,3.38709063847314,,63.7625806598714,2.35105625712058,13.4299683659831,69.5460433959961,94.7816314697266,82.438955,0.79224,165.0,3.536,39.5,59.3827929255711,6441421.0,0.176,81.2,0.6759,82.4,69.5,57.0,50.0,69.6
BHR,Bahrain,"Middle East, North Africa, Afghanistan & Pakistan",alta_renda,58891.8304860737,2.60379670648454,19.9093728658114,53.1861438651827,0.245503085002405,0.387343644517371,58.3677241853667,98.8139181413527,100.0,0.19327,3.0,1.102,,1971.32375,1588670.0,0.168,88.7,0.7967,100.0,58.4,50.9,50.0,69.8
BHS,"Bahamas, The",Latin America & Caribbean ,alta_renda,36244.0500123244,3.37866553336166,0.629705421656308,77.1859683694609,0.514754181193472,0.0,,79.4858750299258,92.47270203,,4.0,9.207,,39.9040959040959,401283.0,0.005,82.0,0.6093,92.5,0.0,50.0,50.0,47.5
BIH,Bosnia and Herzegovina,Europe & Central Asia,renda_media_alta,20527.6935527158,2.9715174617652,12.7116441103994,56.5588566046908,4.53391375315725,6.16317357059664,45.5027618408203,87.8663787841797,86.10091103,0.21437,53.0,11.037,30.3,62.20845703125,3164253.0,0.134,74.1,0.61,86.1,45.5,52.6,50.0,61.4
BLR,Belarus,Europe & Central Asia,renda_media_alta,29040.9725790425,4.00984852465452,20.311752291688,49.6802343028905,6.86597984969187,6.01576846359853,70.1107509145358,94.7902702871216,94.26182128,0.5872,276.0,3.38,24.4,45.217077292187,9132629.0,0.21,78.9,0.7282,94.3,70.1,54.1,50.0,72.8
BLZ,Belize,Latin America & Caribbean ,renda_media_alta,12621.4081961897,3.50466435023895,6.59392256001454,62.4409630969452,7.94787809260727,0.000191087699111545,24.8098643151325,86.4571583269413,80.00582262,,,8.856,39.9,18.0230600613766,417072.0,0.1,67.3,0.4985,80.0,24.8,50.0,50.0,51.6
BMU,Bermuda,North America,alta_renda,109311.936941299,5.97253260071749,0.331078200148684,91.4561682722087,0.192522835933524,14.3007432825453,17.3357105255127,74.3967514038086,98.37,0.22546,,,,1198.11111111111,64636.0,0.079,97.3,0.7314,98.4,17.3,55.1,50.0,56.9
BOL,Bolivia,Latin America & Caribbean ,renda_media_baixa,11329.1518061536,-1.12335595517212,13.0661500585552,53.36246116287,8.82625884280481,8.79395083358911,,90.5272216796875,79.70469666,0.06308,5.0,2.967,40.9,11.3026483891812,12413315.0,0.102,65.8,0.4457,79.7,0.0,52.8,50.0,44.2
BRA,Brazil,Latin America & Caribbean ,renda_media_alta,19652.3654991704,3.41931516597739,12.1108065155746,59.1707527174248,5.7522764094249,11.1103644206652,69.7317733764648,104.144660949707,84.46347227,1.1938,4666.0,5.97,50.3,25.2616884857157,211998573.0,0.204,73.4,0.6376,84.5,69.7,58.0,50.0,70.7
BRB,Barbados,Latin America & Caribbean ,alta_renda,21837.7254102057,2.4822621396186,5.01530397903455,75.5343055861191,1.57507618647515,19.9263557583818,50.801079116886,104.371182990274,70.36470032,,73.0,6.524,34.1,656.595348837209,282467.0,0.164,74.9,0.5907,70.4,50.8,55.8,50.0,59.0
BRN,Brunei Darussalam,East Asia & Pacific,alta_renda,79071.7333801445,4.05251709306727,10.6553156687942,38.9532912607223,1.17447674380916,1.06433459453488,36.4182725443167,91.8381544399811,96.29828801,0.27764,2.0,5.277,,87.0870967741936,462721.0,0.104,92.8,0.7534,96.3,36.4,51.4,50.0,61.4
BTN,Bhutan,South Asia,renda_media_baixa,14610.2959119536,4.63215704523927,7.85181848509554,52.7907800936768,14.9931086936318,0.0107261524845822,13.011259392916,86.1810001963554,91.27739716,0.09979,1.0,3.227,28.5,20.6183796539067,791524.0,0.055,69.3,0.5231,91.3,13.0,50.4,50.0,51.6
BWA,Botswana,Sub-Saharan Africa ,renda_media_alta,18068.5050714283,-2.98986879467928,5.54661006094628,63.4944869983258,1.71216219230959,0.539469030954736,21.4087908549348,70.6292572021484,57.45950036,,3.0,24.477,54.9,4.37641204806522,2521139.0,0.065,72.3,0.43,57.5,21.4,50.2,50.0,43.0
CAF,Central African Republic,Sub-Saharan Africa ,renda_baixa,1111.21941638883,1.49999999847535,17.9512378857809,42.0803155255449,27.8986367879887,8.29978042191414,,15.8074398040772,13.78250027,,,6.251,43.0,8.27060419275097,5330690.0,0.252,33.5,0.2487,13.8,0.0,52.4,50.0,22.1
CAN,Canada,North America,alta_renda,56706.8238031978,1.55479521049516,9.25454311712137,66.3883076597889,1.59798786504057,16.7779029827711,76.2666931152344,104.320877075195,94.353302,1.7908,4710.0,6.907,31.5,4.56079784268436,41288599.0,0.231,88.2,0.7908,94.4,76.3,62.0,50.0,77.6
CHE,Switzerland,Europe & Central Asia,alta_renda,82286.1801896488,1.30233332541106,17.6911811558258,72.0298166155219,0.628699475474558,29.6239015157944,73.5430526733398,101.4287109375,97.32103855,3.22178,1288.0,4.873,33.8,224.978619136651,9005582.0,0.34,93.4,0.8637,97.3,73.5,71.4,50.0,80.7
CHI,Channel Islands,Europe & Central Asia,alta_renda,,3.71500590367266,0.807307045871538,91.1810100411747,0.59887341153067,,,,,,,6.169,,842.126262626263,168126.0,0.018,0.0,0.1571,0.0,0.0,50.0,50.0,16.7
CHL,Chile,Latin America & Caribbean ,alta_renda,30182.7871224714,2.64431154871538,9.01046913453608,56.0774691835569,3.91236351235161,8.31650307450688,110.176902770996,105.608551025391,95.590243,0.39205,402.0,8.974,43.0,26.4647249005172,19764771.0,0.206,79.4,0.7526,95.6,110.2,54.0,50.0,86.6
CHN,China,East Asia & Pacific,renda_media_alta,23845.6197217259,4.9773565917572,24.8692407436614,56.7483417417827,6.77599881291286,26.2777380479223,76.8757843123403,,91.6,2.57729,1426644.0,4.615,36.0,150.264001337848,1408975000.0,0.548,76.1,0.8214,91.6,76.9,67.8,50.0,78.8
CIV,Cote d'Ivoire,Sub-Saharan Africa ,renda_media_baixa,6747.03796777388,6.01953461940062,12.918437529424,51.8581209074307,15.8594343780948,5.25759412069948,12.3354902267456,65.3065056618336,41.43219902,0.06975,,2.323,35.3,98.0052012578616,31934230.0,0.11,58.6,0.399,41.4,12.3,51.8,50.0,35.2
CMR,Cameroon,Sub-Saharan Africa ,renda_media_baixa,4916.93354019494,3.52472308052245,12.880227254442,50.7191439587575,18.4619478775351,2.10363029161033,16.6614294830602,44.840795775403,46.25880051,,,3.602,42.2,60.0213386642973,29123744.0,0.139,54.2,0.3846,46.3,16.7,50.6,50.0,37.9
COD,"Congo, Dem. Rep.",Sub-Saharan Africa ,renda_baixa,1602.074979895,6.12675551779212,8.21811392729758,46.5724593741029,9.63547904603754,0.199611665225369,6.37987995147705,55.4860992431641,19.67350006,0.40638,72.0,4.434,44.7,46.6640484329856,109276265.0,0.058,38.6,0.25,19.7,6.4,51.7,50.0,25.9
COG,"Congo, Rep.",Sub-Saharan Africa ,renda_media_baixa,6181.47071635967,2.57966943921721,12.8531970155196,45.0183730208308,9.44033974046224,3.15972234574724,10.3812103271484,,47.25159836,0.38339,,19.876,,18.1050805270864,6332961.0,0.113,57.4,0.4993,47.3,10.4,52.4,50.0,36.7
COL,Colombia,Latin America & Caribbean ,renda_media_alta,18477.2146664536,1.5983315366523,10.0955376873703,58.1429719176746,9.28279635992211,9.02469704912672,59.2901382446289,101.573776245117,79.34543299,0.2894,432.0,8.29,54.4,47.1574150518251,52886363.0,0.148,72.6,0.5621,79.3,59.3,53.8,50.0,64.1
COM,Comoros,Sub-Saharan Africa ,renda_media_baixa,3482.53486037478,3.3381010943571,,50.070252624186,36.6265029276374,3.13907204820087,18.8190281456697,54.8057289123535,32.51750183,,,3.819,30.3,456.951638903815,866628.0,0.075,49.4,0.3654,32.5,18.8,50.9,50.0,34.1
CPV,Cabo Verde,Sub-Saharan Africa ,renda_media_alta,9848.95276350935,7.24388538990945,5.13811624395917,68.7245545404623,4.91558593625836,1.15215005835922,24.2905954414767,96.4315940376876,74.73519897,,1.0,11.939,42.4,129.610669975186,524877.0,0.069,63.8,0.4625,74.7,24.3,50.3,50.0,49.8
CRI,Costa Rica,Latin America & Caribbean ,alta_renda,26973.4361580719,4.32122429646145,12.9639765989781,68.7833462139086,3.56242614167823,22.8587994049653,55.0202903747559,121.810760498047,87.17019653,0.33738,15.0,6.843,45.5,99.9906972189581,5129910.0,0.189,77.9,0.6201,87.2,55.0,58.0,50.0,66.7
CUB,Cuba,Latin America & Caribbean ,renda_media_alta,,-1.06173273220524,10.6773248471059,73.391823647738,1.23974637193497,7.87558913182664,43.1040700506779,91.7456844321038,70.47699738,0.43839,21.0,1.746,,106.165038535645,10979783.0,0.133,0.0,0.3818,70.5,43.1,54.0,50.0,55.9
CUW,Curacao,Latin America & Caribbean ,alta_renda,28762.058180431,5.02690000000014,2.91971509387676,72.2960491757024,0.278843714536945,,,89.9053421020508,68.1272162511339,,,,,348.31981981982,155967.0,0.066,78.7,0.5735,68.1,0.0,50.0,50.0,39.4
CYM,Cayman Islands,Latin America & Caribbean ,alta_renda,79675.8568481808,5.8155918263088,0.968058131509672,85.9839412268875,0.415554016813388,85.5232283869582,,84.7603098178773,81.0676932508161,,,,,304.325,74457.0,0.511,92.9,0.7497,81.1,0.0,75.0,50.0,52.0
CYP,Cyprus,Europe & Central Asia,alta_renda,52635.58203125,3.94077381708404,4.45628837754571,76.4769046707826,1.15512812146527,18.0329234506901,120.87727355957,106.741279602051,89.60099246,0.68145,1.0,4.924,31.8,145.560173160173,1358282.0,0.23,87.2,0.8346,89.6,120.9,58.0,50.0,89.5
CZE,Czechia,Europe & Central Asia,alta_renda,47963.8968485782,1.23308611983484,19.8858959477882,60.1721452763251,1.89923535118143,22.4045215279558,66.7282867431641,97.6154174804688,87.68776014,1.83369,541.0,2.825,25.7,140.785547662605,10905028.0,0.281,85.9,0.7816,87.7,66.7,63.8,50.0,72.7
DEU,Germany,Europe & Central Asia,alta_renda,62554.5547232436,-0.495851897260366,18.0067082931968,64.0456505820091,0.914397651173374,17.9772990379432,76.7096862792969,100.243698120117,93.49999579,3.1539,39822.0,3.711,33.7,238.351810090719,83516593.0,0.322,89.6,0.8437,93.5,76.7,67.7,50.0,79.3
DJI,Djibouti,"Middle East, North Africa, Afghanistan & Pakistan",renda_media_baixa,6871.12440453129,6.98048467276334,5.28432022949322,76.0847593876274,2.5119476858486,3.27550022198031,,,65.29889679,,3.0,26.015,41.6,49.7387402933563,1168722.0,0.053,58.8,0.3823,65.3,0.0,51.0,50.0,38.8
DMA,Dominica,Latin America & Caribbean ,renda_media_alta,18739.3640404986,2.052738472526,4.73392187012764,56.9414724889515,12.2243249927419,2.88328233207454,,102.585807800293,82.04689789,,,,,88.68,66205.0,0.07,72.8,0.5731,82.0,0.0,50.8,50.0,44.3
DNK,Denmark,Europe & Central Asia,alta_renda,71431.2926242287,3.47783593140312,17.8578664866005,63.5495635161649,0.927722262099888,17.6194498489345,78.9604110717773,125.628089904785,99.76915157,3.04841,1090.0,5.529,29.9,148.6738,5976992.0,0.314,91.4,0.8698,99.8,79.0,67.2,50.0,82.0
DOM,Dominican Republic,Latin America & Caribbean ,renda_media_alta,24229.8894872915,4.95352204492849,12.4639218694399,59.8121925635257,4.45398448187972,7.68868351413961,57.6509476207267,76.3648403372637,91.0022446,,7.0,5.092,39.0,235.098143035751,11427557.0,0.18,76.4,0.6317,91.0,57.7,52.2,50.0,67.0
DZA,Algeria,"Middle East, North Africa, Afghanistan & Pakistan",renda_media_alta,15501.9197003966,3.69999999907979,9.45462250569716,46.7949847002474,13.9597061505767,0.960396672710236,54.4283410150344,105.164131811213,77.4178009,0.44395,268.0,11.633,,19.3825602290762,46814308.0,0.125,70.1,0.6799,77.4,54.4,52.0,50.0,61.3
ECU,Ecuador,Latin America & Caribbean ,renda_media_alta,13935.5391125402,-2.00125476341026,12.8762268451495,57.156644024501,9.47610095074641,9.99836390672699,67.8851161961618,92.8118025876465,77.17273115,,35.0,3.308,45.9,72.3952448059269,18135478.0,0.205,68.7,0.5879,77.2,67.9,52.9,50.0,66.0
EGY,"Egypt, Arab Rep.","Middle East, North Africa, Afghanistan & Pakistan",renda_media_baixa,16798.151577864,2.3991692678251,13.8934615296088,48.932455490468,13.7121128792805,3.81290087814207,38.0398346509947,84.8286031306453,74.64839935,1.01757,881.0,6.781,28.5,115.059291777588,116538258.0,0.15,71.3,0.5957,74.6,38.0,55.1,50.0,55.9
ERI,Eritrea,Sub-Saharan Africa ,renda_baixa,,,,,,,3.20262002944946,44.0441284179688,14.34939957,,,5.978,,28.638732049164,3535603.0,0.019,0.0,0.1853,14.3,3.2,50.0,50.0,22.5
ESP,Spain,Europe & Central Asia,alta_renda,48460.2914069661,3.45525405630191,10.8444299486305,68.9025484059134,2.75300596488807,9.28447661569937,93.7689666748047,118.537803649902,95.7574516,1.49362,1308.0,10.376,33.4,96.7636173412149,48848840.0,0.232,86.0,0.8051,95.8,93.8,58.6,50.0,82.7
EST,Estonia,Europe & Central Asia,alta_renda,41189.6675300734,-0.0900428648493801,10.8342118439629,65.6971144966199,1.76684782957851,18.382980141257,65.6692276000977,108.538726806641,92.23796204,1.83878,25.0,8.313,30.7,32.0684764802247,1372341.0,0.23,83.7,0.7537,92.2,65.7,62.6,50.0,73.5
ETH,Ethiopia,Sub-Saharan Africa ,outros,2892.22220168264,7.61277447511073,4.39391406328772,37.4719406432574,34.7737782043855,3.75062055802087,,33.9114221981431,21.94129944,0.27437,6.0,3.323,31.1,114.037952012,132059767.0,0.047,46.8,0.3025,21.9,0.0,52.2,50.0,24.7
FIN,Finland,Europe & Central Asia,alta_renda,56123.1479579839,0.416171964862073,14.2327051090182,62.2144997698967,2.46735975474973,9.28522659633957,110.304496765137,142.395156860352,93.72405196,3.0938,1557.0,9.461,27.4,18.3705454665088,5619911.0,0.318,88.0,0.9141,93.7,110.3,64.9,50.0,89.6
FJI,Fiji,East Asia & Pacific,renda_media_alta,13592.4635937435,3.53085896076352,11.342566943675,54.5684210526316,13.190027700831,2.99874841417736,75.0089752283697,98.0927630329298,74.7052002,,,5.347,30.7,50.5826491516147,928784.0,0.249,68.3,0.6453,74.7,75.0,50.9,50.0,66.9
FRA,France,Europe & Central Asia,alta_renda,54799.3482689389,1.19046798275883,9.56647520690692,70.9141844211851,1.29979455802577,23.1371073769038,71.5346908569336,103.78540802002,88.65381638,2.17832,13386.0,7.542,31.8,126.862020595603,68551653.0,0.255,87.7,0.7854,88.7,71.5,65.3,50.0,75.2
FRO,Faroe Islands,Europe & Central Asia,alta_renda,72059.580327154,0.843716851362103,9.46215317665668,53.8269113084182,16.0666931492436,,,,97.5819589384468,,,,,39.7182481751825,54681.0,0.214,91.5,0.7015,97.6,0.0,50.0,50.0,49.2
FSM,"Micronesia, Fed. Sts.",East Asia & Pacific,renda_media_baixa,3824.1523439548,0.718990177344025,0.506273425532222,67.9119759103304,22.789770870607,,,,39.52360153,,,,,160.9,113160.0,0.011,50.7,0.41,39.5,0.0,50.0,50.0,29.8
GAB,Gabon,Sub-Saharan Africa ,renda_media_alta,18923.6616611651,3.39403899592401,19.4598269672472,36.8219109135811,6.55914438063524,1.77313570365975,,70.2639966402203,68.72090149,,,20.154,38.0,9.64329956921644,2538952.0,0.231,72.9,0.4916,68.7,0.0,50.5,50.0,39.7
GBR,United Kingdom,Europe & Central Asia,alta_renda,52621.1790252979,1.1264226705118,7.98503886607726,72.4462431770253,0.638070794582258,29.233260009076,80.4146499633789,112.120048522949,95.4720993,2.67614,11592.0,4.746,32.4,283.106683751498,69226000.0,0.288,87.1,0.8281,95.5,80.4,69.1,50.0,81.7
GEO,Georgia,Europe & Central Asia,renda_media_alta,24883.9081161639,9.67979387500691,8.4367085488571,61.9845889346039,5.48544272121412,3.78381539474497,89.4861221313477,100.959315536762,83.79855689,0.26435,90.0,12.097,33.9,65.0037265124742,3699557.0,0.164,76.7,0.6967,83.8,89.5,52.1,50.0,75.1
GHA,Ghana,Sub-Saharan Africa ,renda_media_baixa,7055.62496009323,5.59045469593266,9.83621907142742,40.9369495390296,20.8867457674884,2.11003762211445,21.330810546875,75.7174682617188,72.17569733,,12.0,2.979,43.5,148.49676310689,34427414.0,0.094,59.2,0.4384,72.2,21.3,50.6,50.0,48.0
GIB,Gibraltar,Europe & Central Asia,alta_renda,,,,,,,,78.5279769897461,94.4444715818151,,,,,3847.1,39329.0,,0.0,0.2975,94.4,0.0,50.0,50.0,48.1
GIN,Guinea,Sub-Saharan Africa ,renda_media_baixa,4016.34191386072,5.35004659051708,12.7453563521224,36.3402000064846,30.9605751418076,0.899971742078623,,,33.30469894,,,5.163,29.6,58.6255412664822,14754785.0,0.15,51.4,0.3584,33.3,0.0,50.3,50.0,27.9
GMB,"Gambia, The",Sub-Saharan Africa ,renda_baixa,3057.68417746891,5.55126069510321,1.45425338865049,56.7898192312049,20.4335632419718,3.34757896376015,13.4765901565552,107.027125590442,49.49430084,0.06933,,6.521,38.8,266.5854743083,2759988.0,0.041,47.6,0.3464,49.5,13.5,51.3,50.0,38.1
GNB,Guinea-Bissau,Sub-Saharan Africa ,renda_baixa,2744.27981043716,4.14631137217332,8.70147088293781,37.8848107222008,42.1674326567232,5.80645161290323,,,29.77739906,,,2.673,33.4,76.5767780938834,2201352.0,0.133,46.1,0.319,29.8,0.0,51.7,50.0,27.2
GNQ,Equatorial Guinea,Sub-Saharan Africa ,renda_media_alta,15454.428493564,0.907248245986736,24.8129142130163,51.0975150164696,3.14907045947484,,,,63.29930115,,,8.337,38.5,65.8662745098039,1892516.0,0.562,70.1,0.5473,63.3,0.0,50.0,50.0,37.8
GRC,Greece,Europe & Central Asia,alta_renda,37474.2798239947,2.0865743380603,9.0658743329958,68.0104871945665,3.765512541308,15.011494857431,165.113418579102,105.191741943359,86.26968886,1.4943,394.0,8.54,33.4,80.7397284716835,10405134.0,0.323,82.4,0.9299,86.3,165.1,60.3,50.0,103.9
GRD,Grenada,Latin America & Caribbean ,renda_media_alta,17751.5098662481,3.96332516398188,3.80165110766755,65.7100896824668,2.94694102338439,6.4434446202485,99.9891967773438,100.731679432948,70.16159821,,,,43.8,344.355882352941,117207.0,0.256,72.0,0.6665,70.2,100.0,51.9,50.0,74.0
GRL,Greenland,Europe & Central Asia,alta_renda,71037.5372239623,0.865961986998158,2.72308007801422,60.9876564756598,16.5579499888738,1.70924920520931,,,69.4824617821988,,,,,0.138543062492386,56836.0,0.041,91.3,0.618,69.5,0.0,50.5,50.0,40.0
GTM,Guatemala,Latin America & Caribbean ,renda_media_alta,12640.8875023146,3.65186382894819,13.587559280005,61.839861654601,9.7799315643005,5.39604303984542,27.2948879201171,49.5765804970836,60.22140121,0.00609,9.0,2.604,45.2,169.138092571855,18406359.0,0.107,67.3,0.4609,60.2,27.3,51.6,50.0,46.4
GUM,Guam,East Asia & Pacific,alta_renda,,5.09986426216793,,,,,,,80.5054655600831,,,5.569,,308.344444444444,167777.0,,0.0,0.2762,80.5,0.0,50.0,50.0,43.5
GUY,Guyana,Latin America & Caribbean ,alta_renda,70516.7215064805,43.8193108024355,1.69733624390457,14.4608458483035,7.62253326656522,13.3341087055182,26.4315792489043,91.4304496450171,83.00080109,,40.0,11.962,,3.91376811594203,831087.0,0.089,91.2,0.6983,83.0,26.4,53.9,50.0,54.4
HKG,"Hong Kong SAR, China",East Asia & Pacific,alta_renda,66153.9746651078,2.50498758466826,0.934397532797454,91.7510158754355,0.0374477102095245,75.5706908349979,120.08978583196,107.160326941213,95.75536971,1.12597,401.0,2.799,,7177.2380952381,7524100.0,0.362,90.3,0.9778,95.8,120.1,76.5,50.0,97.5
HND,Honduras,Latin America & Caribbean ,renda_media_baixa,6585.85535717861,3.55397003296669,14.8666617820448,58.4090033001636,11.2186537185053,3.87334759570957,23.3177890777588,51.7639813154374,58.62269974,0.05997,8.0,4.92,45.7,95.1367503798373,10825703.0,0.107,58.2,0.4162,58.6,23.3,51.4,50.0,44.4
HRV,Croatia,Europe & Central Asia,alta_renda,42829.1978370384,3.82688702890739,10.4777055033801,60.8374324880176,2.89588951437996,11.6739199311189,81.1775207519531,105.025161743164,83.63240029,1.38621,77.0,5.002,30.1,68.9722301644031,3866200.0,0.217,84.3,0.7592,83.6,81.2,58.9,50.0,74.6
HTI,Haiti,Latin America & Caribbean ,renda_media_baixa,2809.64535578242,-4.16963395808132,26.2315707464341,48.3129615585975,15.8601607482058,,,,47.8614006,,,14.944,,422.256821480406,11772557.0,0.594,46.4,0.54,47.9,0.0,50.0,50.0,32.6
HUN,Hungary,Europe & Central Asia,alta_renda,40686.9319263343,0.560117843140432,15.8039940838573,59.5231534203363,2.71112134044753,22.5745118826045,60.5168685913086,107.350929260254,93.77898628,1.37748,433.0,4.521,30.6,105.108327854482,9562065.0,0.241,83.6,0.7378,93.8,60.5,62.0,50.0,72.1
IDN,Indonesia,East Asia & Pacific,renda_media_alta,14470.4372020578,5.03034469419038,18.9840269851832,43.7719167888796,12.6086658797584,8.7110437578916,44.8813034886441,97.1701841816,72.78075544,0.28068,1397.0,3.237,34.4,148.57692229227,283487931.0,0.17,69.2,0.569,72.8,44.9,53.7,50.0,57.1
IMN,Isle of Man,Europe & Central Asia,alta_renda,,-4.16539345213232,1.8554670978276,95.1498044284005,0.372466783015541,,,,,,,,,147.657894736842,84160.0,0.042,0.0,0.1627,0.0,0.0,50.0,50.0,16.7
IND,India,South Asia,renda_media_baixa,9818.04270686639,6.49476552383821,12.6085653310554,49.874440225505,16.2854335605917,18.5723946411049,34.4465039692543,79.594985086469,70.0,0.64558,26267.0,4.219,25.5,483.679010086809,1450935791.0,0.166,63.8,0.5557,70.0,34.4,58.0,50.0,54.1
IRL,Ireland,Europe & Central Asia,alta_renda,119037.731175443,2.59946721553708,29.5649973541217,60.5635643631863,1.02114448018423,53.5184328432158,77.5933380126953,130.604965209961,97.18769836,1.58829,75.0,4.632,29.0,77.1017273914937,5395790.0,0.403,98.5,0.878,97.2,77.6,71.9,50.0,82.2
IRN,"Iran, Islamic Rep.","Middle East, North Africa, Afghanistan & Pakistan",renda_media_alta,17484.1320140467,3.66312056830718,20.5908961207021,49.7874655706935,10.8003685937198,0.814007923197325,58.6838607788086,85.1469802856445,85.3404007,0.72665,10210.0,8.301,35.9,55.8451198767334,91567738.0,0.191,71.8,0.6354,85.3,58.7,53.1,50.0,65.7
IRQ,Iraq,"Middle East, North Africa, Afghanistan & Pakistan",renda_media_alta,12725.0431260393,-1.54525198318304,4.08706182141497,45.76618170304,3.39457505861722,,,,81.47450256,0.0407,635.0,15.485,29.8,103.826155759795,46042015.0,0.033,67.4,0.4669,81.5,0.0,50.2,50.0,43.9
ISL,Iceland,Europe & Central Asia,alta_renda,67310.0573573616,-0.970676468918384,8.57601818623023,64.8920846344191,3.98201137564491,53.9722930663779,76.5200729370117,108.911361694336,98.209198,2.64005,34.0,3.625,26.8,3.82488346722206,386506.0,0.341,90.6,0.8642,98.2,76.5,76.2,50.0,83.6
ISR,Israel,"Middle East, North Africa, Afghanistan & Pakistan",alta_renda,47338.8424624205,0.871968424377442,11.1290426476645,72.5367368776929,1.28207722826492,37.2335173751738,56.2561111450195,98.5473403930664,88.18242225,6.34589,1592.0,3.489,38.3,455.129390018484,9974400.0,0.406,85.7,0.867,88.2,56.3,85.9,50.0,76.8
ITA,Italy,Europe & Central Asia,alta_renda,53265.0032474189,0.692676948440536,14.8235735691366,65.0483624576143,1.99727734716288,12.2827088504022,75.9496536254883,100.678756713867,89.2207202,1.37935,10281.0,6.391,34.3,199.459678073854,58952704.0,0.233,87.3,0.7622,89.2,75.9,59.0,50.0,74.7
JAM,Jamaica,Latin America & Caribbean ,renda_media_alta,11340.2638800451,-0.535039063867487,7.73420536237464,59.9583265823094,7.96876352019587,2.64698979146794,26.2334142821948,84.4572372436523,90.10870361,,16.0,3.286,39.9,262.214773776547,2839175.0,0.091,65.8,0.5088,90.1,26.2,50.8,50.0,55.7
JOR,Jordan,"Middle East, North Africa, Afghanistan & Pakistan",renda_media_baixa,9520.25064497454,2.48889409603647,17.705386647398,60.3920761551012,5.06726012545217,2.08415985427159,35.9184001120427,91.7518621587381,95.62244985,0.69547,25.0,16.535,,128.828670856139,11552876.0,0.151,63.4,0.6598,95.6,35.9,53.3,50.0,61.6
JPN,Japan,East Asia & Pacific,alta_renda,46106.9229230044,0.104309021773304,20.5810487191941,69.7727958101915,0.937452748505902,17.5547415163067,64.4907608032227,101.537071228027,85.54153081,3.44125,222452.0,2.451,32.3,341.54455749932,123975371.0,0.352,85.3,0.8098,85.5,64.5,68.7,50.0,72.9
KAZ,Kazakhstan,Europe & Central Asia,renda_media_alta,35973.9633287017,4.99999999996936,12.3935343078141,57.9427973400804,3.88229151651226,42.19530029659,52.8612860406142,97.6167311117902,93.39167254,0.16242,803.0,4.771,29.2,7.53050487091158,20592571.0,0.224,81.9,0.6869,93.4,52.9,63.0,50.0,69.8
KEN,Kenya,Sub-Saharan Africa ,renda_media_baixa,5845.20117717825,4.72473994710138,7.2507294225429,55.3035358055896,22.4728462758555,3.15003013612034,10.4185962462804,84.3083880306996,34.97622513,0.81069,160.0,5.449,38.5,95.2681371231706,56432944.0,0.078,56.6,0.3801,35.0,10.4,54.1,50.0,33.2
KGZ,Kyrgyz Republic,Europe & Central Asia,renda_media_baixa,7048.98952111264,9.04013556120012,12.6145669633027,52.1398197179977,8.60760362906387,10.6711117431705,53.8761747562613,91.7258848952929,92.0286026,0.05269,83.0,3.526,27.5,37.0164233576642,7221868.0,0.149,59.2,0.5844,92.0,53.9,53.3,50.0,66.4
KHM,Cambodia,East Asia & Pacific,renda_media_baixa,7008.88934551726,5.97510939607335,27.8057723910919,35.5947222438947,16.576872609135,5.26214140574212,21.4437426836662,58.7893230437643,68.47530365,0.08828,1.0,0.263,,98.7076818490823,17638801.0,0.167,59.1,0.5641,68.5,21.4,51.9,50.0,47.3
KIR,Kiribati,East Asia & Pacific,renda_media_baixa,3257.1362912531,5.26689747917099,4.71737600958,67.1060228718493,27.1870061420609,2.29693114054698,4.96087980270386,90.2786712646484,89.44029999,,,,24.7,163.617283950617,134518.0,0.055,48.5,0.4333,89.4,5.0,50.7,50.0,48.4
KNA,St. Kitts and Nevis,Latin America & Caribbean ,alta_renda,30656.4410109367,0.312226855858171,3.89777095810853,66.1311026415219,1.28792753551453,34.6026368990477,93.92236328125,137.513208876365,76.88400269,,,,,179.838461538462,46843.0,0.354,79.6,0.8305,76.9,93.9,60.1,50.0,77.0
KOR,"Korea, Rep.",East Asia & Pacific,alta_renda,55070.9386194121,2.00361101838986,26.6179725157922,57.5005082410932,1.45825105459538,36.2582559366674,111.853302001953,96.2539901733398,97.89563777,4.94352,186245.0,2.683,32.9,529.842407786885,51751065.0,0.523,87.8,1.0,97.9,111.9,80.1,50.0,96.6
KWT,Kuwait,"Middle East, North Africa, Afghanistan & Pakistan",alta_renda,46137.4674254845,-2.56011099967517,7.9982179419611,55.8544139729526,0.492980678536301,5.82777648932315,51.8967176944636,95.3934020996094,100.0,0.08954,1.0,2.181,,272.358024691358,4897263.0,0.116,85.3,0.7573,100.0,51.9,52.1,50.0,68.0
LAO,Lao PDR,East Asia & Pacific,renda_media_baixa,8600.32454665553,4.13019264436937,9.05367016557271,43.534650358474,16.771883812878,7.41963729583454,14.8841695785522,50.5430058959811,65.59269714,,1.0,1.187,34.7,33.2105415944541,7769819.0,0.095,62.0,0.4501,65.6,14.9,52.2,50.0,44.2
LBN,Lebanon,"Middle East, North Africa, Afghanistan & Pakistan",renda_media_baixa,11330.2687387422,-0.760584470257314,1.42682987688995,42.3804623372256,0.966455367369224,2.89591276881506,54.4012561547071,63.7923011779785,80.63400269,,110.0,10.985,35.5,564.368817204301,5805962.0,0.099,65.8,0.5597,80.6,54.4,50.8,50.0,61.9
LBR,Liberia,Sub-Saharan Africa ,renda_baixa,1646.05861366601,4.02185464964835,,41.9269228267256,33.8327272928139,0.643718596498284,,37.7416801452637,32.23360062,,,2.884,35.3,57.0289763289037,5612817.0,0.008,39.0,0.262,32.2,0.0,50.2,50.0,27.5
LBY,Libya,"Middle East, North Africa, Afghanistan & Pakistan",renda_media_alta,12583.8338726816,1.89995052025442,2.80678251468398,28.3399914639351,2.39197609901835,0.604680774692483,,,81.95449829,,,18.758,,4.15202780272117,7381023.0,0.035,67.2,0.5435,82.0,0.0,50.2,50.0,44.1
LCA,St. Lucia,Latin America & Caribbean ,renda_media_alta,24252.4688588491,3.89175024218898,2.92932624479293,75.898187714585,1.12953634378355,9.33224017462958,15.0396404266357,87.8672424011515,68.20500183,,2.0,9.452,43.7,293.909836065574,179744.0,0.067,76.4,0.4797,68.2,15.0,52.7,50.0,45.3
LIE,Liechtenstein,Europe & Central Asia,alta_renda,,,34.1726327164663,57.4267188977442,0.159394839929758,,46.0189590454102,118.726867675781,98.2641983,6.00984,,,,249.0375,40450.0,0.667,0.0,0.6866,98.3,46.0,73.7,50.0,72.7
LKA,Sri Lanka,South Asia,renda_media_baixa,13752.836740386,5.00871930957159,17.5917877693489,57.4695113471552,8.2996858332285,1.53793971540437,20.7412633848006,87.9534065332114,54.59,0.10506,266.0,4.005,37.7,356.239896540576,21916000.0,0.112,68.5,0.4676,54.6,20.7,50.9,50.0,42.1
LSO,Lesotho,Sub-Saharan Africa ,renda_media_baixa,2640.28544552536,2.85452253179545,13.5448251142786,48.0439628685052,6.50245582420134,0.0895832496967832,9.93844298033582,59.3586515505342,51.79660034,0.09453,1.0,16.315,44.9,76.135441370224,2337423.0,0.077,45.5,0.3284,51.8,9.9,50.4,50.0,37.4
LTU,Lithuania,Europe & Central Asia,alta_renda,47165.3665643051,2.77263124530285,14.0405340502099,63.5886178536833,2.57325294659349,17.3245506640985,75.6177368164062,104.860809326172,89.16116293,1.04977,81.0,6.731,36.0,45.87196485623,2888278.0,0.229,85.6,0.7417,89.2,75.6,59.2,50.0,74.7
LUX,Luxembourg,Europe & Central Asia,alta_renda,128475.279802738,0.35861253942069,3.96294720787633,81.1809383770858,0.20948876007365,5.0736120319212,22.4103698730469,108.577438354492,99.12902211,1.07045,112.0,6.343,33.6,258.862052624628,677012.0,0.091,99.6,0.6869,99.1,22.4,55.7,50.0,59.1
LVA,Latvia,Europe & Central Asia,alta_renda,37611.6699359404,-0.0461080109713521,9.93786432938863,64.6029356314433,4.04219078834273,17.4901914812882,82.917350769043,101.252647399902,92.70757011,0.8236,104.0,6.568,34.0,30.2701269484172,1866124.0,0.212,82.5,0.7446,92.7,82.9,58.4,50.0,78.0
MAC,"Macao SAR, China",East Asia & Pacific,alta_renda,111693.502831434,7.84960207010525,0.761339914760372,90.8612029225015,,0.0,141.864795918367,94.6616766467066,89.82640076,0.31097,2.0,2.347,,20569.696969697,687000.0,0.185,97.6,0.9767,89.8,141.9,51.2,50.0,94.3
MAF,St. Martin (French part),Latin America & Caribbean ,alta_renda,,4.89999967133534,,,,,,,,,,,,550.3,26129.0,,0.0,0.153,0.0,0.0,50.0,50.0,16.7
MAR,Morocco,"Middle East, North Africa, Afghanistan & Pakistan",renda_media_baixa,9162.7470703125,3.79336515978963,15.2654153716279,52.7268616776438,10.5673287621047,5.43070567261144,48.1839617510572,89.9834863018408,91.2,,254.0,9.0,,84.5003473000224,38081173.0,0.175,62.8,0.6623,91.2,48.2,51.6,50.0,63.7
MCO,Monaco,Europe & Central Asia,alta_renda,,8.51053758860212,,87.2030353147193,,,77.4806900024414,158.546615600586,99.04489899,,5.0,,,18692.8982725528,38631.0,0.235,0.0,0.5021,99.0,77.5,50.0,50.0,75.5
MDA,Moldova,Europe & Central Asia,renda_media_alta,16376.6113704265,0.103059364371205,7.71705640875898,62.2659566789328,7.10653748230631,2.92514721596985,74.7109378669046,99.3439166347193,77.3687973,0.21589,64.0,1.505,26.8,85.437584732506,2402306.0,0.139,70.9,0.6488,77.4,74.7,51.7,50.0,67.9
MDG,Madagascar,Sub-Saharan Africa ,renda_baixa,1657.04970622969,4.19999999988647,12.6451562899679,47.7176150614467,22.4578773705892,0.958835172179217,6.1466638463036,34.1320359801924,18.67790031,0.01275,6.0,3.041,36.8,53.6196837401169,31964956.0,0.067,39.1,0.263,18.7,6.1,50.3,50.0,25.0
MDV,Maldives,South Asia,renda_media_alta,23034.4098404839,3.49440422654285,1.57825098681412,72.0973260767818,3.84195889727814,0.00227056785155377,48.4968654322788,79.3565296847573,85.23999786,,,4.514,29.3,1765.08053691275,527799.0,0.11,75.7,0.6123,85.2,48.5,50.0,50.0,61.2
MEX,Mexico,Latin America & Caribbean ,renda_media_alta,22039.6287019016,1.42742769080466,19.8017537671375,58.1037604498508,3.72451065844835,19.3037596613987,48.203441619873,103.093322753906,83.12233799,0.25372,1117.0,2.673,42.6,66.7402757272564,130861007.0,0.201,75.0,0.5984,83.1,48.2,56.6,50.0,62.6
MHL,Marshall Islands,East Asia & Pacific,renda_media_alta,7209.26654997536,2.50192717852873,3.11610916210609,66.9908120927035,19.5849162789842,,37.6853055916775,85.7558637219654,65.915802,,,,35.5,215.705555555556,37548.0,0.149,59.5,0.4936,65.9,37.7,50.0,50.0,51.2
MKD,North Macedonia,Europe & Central Asia,renda_media_alta,24203.2859505244,2.99373536567732,14.3415421040452,56.2488933827217,6.08292801881823,6.3599119716616,55.0082015991211,90.0724868774414,93.1,0.37363,42.0,12.256,33.5,72.474861221253,1824359.0,0.158,76.3,0.6478,93.1,55.0,53.3,50.0,67.1
MLI,Mali,Sub-Saharan Africa ,renda_baixa,2916.18529537154,4.99226917482922,7.62473561031489,36.314957700289,33.2515839930836,5.3606547607953,5.12750941173932,38.9389470920545,36.80149841,0.14743,,2.831,35.7,19.4798572353486,24478595.0,0.072,46.9,0.3259,36.8,5.1,52.1,50.0,31.3
MLT,Malta,"Middle East, North Africa, Afghanistan & Pakistan",alta_renda,62700.4942180461,6.79990300224401,5.75324912014788,81.772969602807,0.225064607054737,45.179167089137,80.5250091552734,103.027229309082,93.86029816,0.64792,5.0,2.896,31.8,1727.334375,568847.0,0.25,89.6,0.7793,93.9,80.5,65.8,50.0,80.1
MMR,Myanmar,East Asia & Pacific,renda_media_baixa,5276.29433987853,-0.97204641363362,22.5216536798612,41.3534526849189,20.8341766680744,5.19991999790977,20.3723297119141,77.0191497802734,45.4477005,0.02307,,3.047,30.7,82.9420656687147,54500091.0,0.175,55.2,0.4327,45.4,20.4,51.6,50.0,39.1
MNE,Montenegro,Europe & Central Asia,renda_media_alta,28105.7093264336,3.16409886329913,3.33152441474333,63.7695853263977,3.49344410359799,14.4622662813729,55.1743011474609,93.8724975585938,88.88258428,0.36328,5.0,13.572,34.3,46.3590334572491,623525.0,0.127,78.4,0.6403,88.9,55.2,55.7,50.0,66.6
MNG,Mongolia,East Asia & Pacific,renda_media_alta,16842.6505873797,5.12204539122661,5.57316319739662,44.3407185995683,7.2909521026131,22.5365545669935,69.044059753418,96.8181201904352,85.12349701,0.08365,109.0,5.233,31.4,2.23365125312889,3524788.0,0.164,71.3,0.6423,85.1,69.0,56.9,50.0,70.3
MNP,Northern Mariana Islands,East Asia & Pacific,alta_renda,,16.6427546628408,,,,,,,,,,,,98.1369565217391,44278.0,,0.0,0.153,0.0,0.0,50.0,50.0,16.7
MOZ,Mozambique,Sub-Saharan Africa ,renda_baixa,1500.31427446351,2.14854964610538,6.44434299229208,41.0964463998045,25.1764811733064,3.6302648420799,7.4630510423433,37.2411918640137,20.52729988,0.30814,30.0,6.628,49.6,42.7721457819375,34631766.0,0.056,37.7,0.2343,20.5,7.5,52.3,50.0,26.8
MRT,Mauritania,Sub-Saharan Africa ,renda_media_baixa,6482.69016724334,6.30760213290844,5.01102049175112,42.4294833153804,19.3310648282597,9.44834081238425,5.97194330025359,36.0277030077074,45.77939987,0.01019,,10.319,32.0,4.87284466867178,5169395.0,0.065,58.0,0.3883,45.8,6.0,52.8,50.0,34.9
MUS,Mauritius,Sub-Saharan Africa ,renda_media_alta,28011.1579806299,4.92512304864294,11.0868323583371,64.3722524144138,4.23214718404929,1.21703538647261,45.7771156388358,90.7246586359898,73.30793533,0.26181,6.0,5.635,36.8,625.261392088132,1245779.0,0.117,78.4,0.5878,73.3,45.8,51.4,50.0,56.8
MWI,Malawi,Sub-Saharan Africa ,renda_baixa,1634.24660266597,1.6734340852915,10.9664606994782,44.2065590810766,31.774775046638,1.64552794448662,2.70813684546823,36.644092994481,18.96159935,0.17752,3.0,5.072,38.5,223.84898175647,21655286.0,0.062,38.9,0.2547,19.0,2.7,51.2,50.0,24.3
MYS,Malaysia,East Asia & Pacific,renda_media_alta,34116.2317848885,5.10545921024041,22.5003191935602,53.7203005018668,8.12846782241948,58.6276748543331,38.5013945445142,80.2757406864183,98.0206059,1.0121,883.0,3.764,40.7,106.913096941105,35557673.0,0.318,81.1,0.6766,98.0,38.5,71.1,50.0,69.2
NAM,Namibia,Sub-Saharan Africa ,renda_media_baixa,10281.3356402988,3.71154502416731,10.6400315996937,54.4586091697762,7.29120638562693,0.117288080576373,26.1092654658031,81.9566828199727,64.87460327,0.64636,8.0,19.291,59.1,3.59909023551847,3030131.0,0.1,64.4,0.4325,64.9,26.1,52.6,50.0,47.9
NCL,New Caledonia,East Asia & Pacific,alta_renda,,-13.5,5.60354479440873,65.1940594059406,1.78613861386139,5.267295899888,,,82.0058408035186,,,11.174,,15.8572210065646,292639.0,0.094,0.0,0.3001,82.0,0.0,51.5,50.0,44.5
NER,Niger,Sub-Saharan Africa ,renda_baixa,1803.4369300532,10.3000000007793,6.9938602495652,45.0285833612677,34.4620899774356,8.61766309210248,4.15170730347346,19.8664761204349,15.55760002,,,0.394,32.9,20.6519831057077,27032412.0,0.095,40.2,0.2749,15.6,4.2,52.5,50.0,24.1
NGA,Nigeria,Sub-Saharan Africa ,renda_media_baixa,7994.21563861459,4.06236408888319,8.65727818020008,53.729561736527,25.8733343605401,2.71167186435579,,46.8931503295898,41.21139908,0.28444,410.0,3.064,33.9,250.20910328623,232679478.0,0.068,60.9,0.3837,41.2,0.0,51.9,50.0,31.0
NIC,Nicaragua,Latin America & Caribbean ,renda_media_baixa,7661.60202722818,3.5878302292345,13.5056664041759,46.8284069382544,14.411507510728,0.596452227371355,30.3635101318359,70.1749572753906,61.39550018,0.10742,,5.04,,56.702783779292,6916140.0,0.128,60.3,0.5659,61.4,30.4,50.6,50.0,47.5
NLD,Netherlands,Europe & Central Asia,alta_renda,70498.8840396071,1.08100584845663,10.0682519361509,70.4906816195514,1.72968455863421,23.4680052763745,86.5938262939453,137.514724731445,97.00679779,2.26719,2080.0,3.874,25.7,530.950905850906,17993485.0,0.277,91.2,0.8625,97.0,86.6,65.8,50.0,83.1
NOR,Norway,Europe & Central Asia,alta_renda,91105.246799623,2.09723059960317,6.17077761908446,51.8077568320554,2.07595111116756,25.4139359384172,95.4987564086914,116.254272460938,99.0,1.85142,946.0,4.637,26.5,15.1524995195871,5572279.0,0.262,94.8,0.8803,99.0,95.5,64.7,50.0,86.4
NPL,Nepal,South Asia,renda_media_baixa,5046.81592972946,3.66537430744967,4.36587696111805,55.2184600452436,21.8720119555441,0.617520704475872,21.2915596292014,90.3878462155916,46.32189941,,20.0,10.465,30.0,207.147638646669,29651054.0,0.059,54.5,0.4077,46.3,21.3,50.2,50.0,39.3
NRU,Nauru,East Asia & Pacific,alta_renda,12468.7614524615,1.38888888888904,,,,,,94.5299147867543,83.01170349,,,,,593.75,11947.0,,67.1,0.5367,83.0,0.0,50.0,50.0,44.3
NZL,New Zealand,East Asia & Pacific,alta_renda,49316.3999433708,1.28862004711685,8.89986099923003,67.4102911392727,4.56898326146121,12.9670750449435,77.2406463623047,114.231056213379,93.51930237,1.54848,330.0,5.076,,19.7485853176864,5287500.0,0.213,86.2,0.8552,93.5,77.2,59.9,50.0,76.9
OMN,Oman,"Middle East, North Africa, Afghanistan & Pakistan",alta_renda,36721.0804634186,1.63163221127449,10.0021187791119,46.013700099547,2.60311077029303,5.00539346096146,42.226921081543,95.1220397949219,95.25174678,0.38979,30.0,3.251,,16.3142778675283,5281538.0,0.12,82.1,0.728,95.3,42.2,53.0,50.0,63.5
PAK,Pakistan,"Middle East, North Africa, Afghanistan & Pakistan",renda_media_baixa,5500.32394824285,3.04898287335465,13.1538180941054,50.7319389342379,23.7432862338836,2.43815248015808,10.8564126844434,48.2805022055997,57.253,0.16399,426.0,5.42,33.5,321.067474833956,251269164.0,0.084,55.7,0.4103,57.3,10.9,51.4,50.0,39.9
PAN,Panama,Latin America & Caribbean ,alta_renda,36394.9175291147,2.74788545546916,4.93766629690914,69.3426627772372,2.68214078025339,1.7673082163249,53.6949637061742,76.5998992919922,72.77149963,0.19708,35.0,8.36,49.7,60.1072930709086,4515577.0,0.098,82.0,0.5761,72.8,53.7,51.3,50.0,59.3
PER,Peru,Latin America & Caribbean ,renda_media_alta,15661.7497711956,3.30394098171516,12.1140270326731,51.2936105507675,7.3374218616047,5.21372377596414,71.2404708862305,108.289047241211,81.95705992,0.17611,94.0,5.117,40.1,26.44188828125,34217848.0,0.159,70.3,0.6163,82.0,71.2,52.2,50.0,68.5
PHL,Philippines,East Asia & Pacific,renda_media_baixa,10375.9404179938,5.69201612823412,15.6771530992166,63.2234952219979,9.08252678487007,60.975307025875,47.4134996154186,85.2945085684493,67.26300914,0.27625,490.0,2.235,39.3,385.321122178623,115843670.0,0.28,64.6,0.5601,67.3,47.4,68.9,50.0,61.2
PLW,Palau,East Asia & Pacific,alta_renda,16425.9722714446,2.21599800170485,1.13936529918596,74.7688539101668,3.04062521469754,51.6836869301107,71.8428437792329,95.7270847691247,83.92549896,,,,,38.5369565217391,17695.0,0.355,71.0,0.7676,83.9,71.8,65.1,50.0,73.6
PNG,Papua New Guinea,East Asia & Pacific,renda_media_baixa,4288.52828988176,3.79979560086888,1.66044727883439,42.0273807046412,16.9595908086069,10.2480784684723,,52.0929750873194,18.81159973,0.03158,1.0,2.571,,22.9422669257607,10576502.0,0.041,52.3,0.392,18.8,0.0,53.1,50.0,24.0
POL,Poland,Europe & Central Asia,alta_renda,45153.0439773281,3.02841630700273,16.0769928111431,59.1475357964785,2.54032372848325,13.5099699026858,80.9149627685547,107.881309509277,88.58496367,1.55525,3377.0,2.976,28.5,119.787615502661,36559233.0,0.252,85.0,0.7852,88.6,80.9,60.1,50.0,76.5
PRI,Puerto Rico (US),Latin America & Caribbean ,alta_renda,44205.7494879255,3.17707554784896,44.1442583412387,51.8089701174057,0.700867503663465,,77.9263575380698,81.4824139700154,87.29178106,0.42882,,5.991,,361.194137542277,3203295.0,0.513,84.7,0.8831,87.3,77.9,51.7,50.0,72.3
PRK,"Korea, Dem. People's Rep.",East Asia & Pacific,renda_baixa,,,,,,,26.7206192016602,94.2515411376953,,,6937.0,3.545,,219.402076239515,26498823.0,0.083,0.0,0.2216,0.0,26.7,50.0,50.0,25.6
PRT,Portugal,Europe & Central Asia,alta_renda,42197.2025135828,2.13967177177636,11.7623406083143,66.2769355054703,2.02167120867754,6.77343918950435,77.6778182983398,120.347076416016,88.48704454,1.69491,711.0,6.164,33.9,115.475189289738,10694681.0,0.217,84.1,0.757,88.5,77.7,58.7,50.0,75.0
PRY,Paraguay,Latin America & Caribbean ,renda_media_alta,16296.2836189263,4.24996010464072,19.0225604692616,48.7451301791156,10.7149976827803,10.5004049492786,,79.1305613911018,81.57806793,0.14117,10.0,4.803,44.2,17.282671943072,6929153.0,0.144,70.8,0.4707,81.6,0.0,53.6,50.0,45.1
PSE,West Bank and Gaza,"Middle East, North Africa, Afghanistan & Pakistan",renda_media_baixa,3845.50297375419,-26.5575264529877,9.92945948823111,58.5346175180273,5.7037522621709,1.84344953927492,44.4904623709098,89.1210984011759,86.63765334,,,24.42,36.4,857.390041493776,5289152.0,0.172,50.8,0.5076,86.6,44.5,50.5,50.0,60.5
PYF,French Polynesia,East Asia & Pacific,alta_renda,,1.12638897730247,4.72964986303904,75.9039508824945,2.21570108763617,1.92522086808869,,,72.7038953132942,,,11.662,,80.990492653414,281807.0,0.065,0.0,0.2792,72.7,0.0,50.6,50.0,41.1
QAT,Qatar,"Middle East, North Africa, Afghanistan & Pakistan",alta_renda,110889.792701691,2.35970586926597,8.07331100392102,46.0697058735045,0.287307333607437,2.80655334313522,43.0178909301758,99.578857421875,98.08540344,0.68058,47.0,0.13,35.1,231.160313315927,2857822.0,0.117,97.5,0.7082,98.1,43.0,53.5,50.0,64.9
ROU,Romania,Europe & Central Asia,alta_renda,40504.0002945958,0.916003764382594,13.1961348200611,62.5509064348212,2.81143528363417,13.4497511493721,55.1682891845703,81.6316070556641,91.29048551,0.51656,772.0,5.992,29.8,82.8453668289291,19051804.0,0.174,83.5,0.6896,91.3,55.2,56.0,50.0,67.5
RUS,Russian Federation,Europe & Central Asia,alta_renda,41704.7109375,4.34437475491529,13.2536575793102,57.5256119391898,2.74357243387426,9.72984772707015,60.3891235376867,92.4840470838527,94.36495368,0.93706,19569.0,2.133,33.0,8.78227219242749,143533851.0,0.188,83.9,0.7106,94.4,60.4,56.5,50.0,70.4
RWA,Rwanda,Sub-Saharan Africa ,renda_baixa,3264.64451474392,8.89065529573114,8.94087746646115,47.5501469376632,24.5807696089078,4.78472979585672,9.41173924647801,48.790277194547,31.70330048,0.78149,14.0,11.363,39.4,565.645358735306,14256567.0,0.088,48.5,0.3415,31.7,9.4,54.5,50.0,31.9
SAU,Saudi Arabia,"Middle East, North Africa, Afghanistan & Pakistan",alta_renda,62792.7741476371,1.99650173436159,15.7219406844133,47.0745603554281,2.53573305211338,0.544002126713625,83.884129573915,110.66346516974,100.0,0.63522,1398.0,3.038,,15.6779493787476,35300280.0,0.194,89.6,0.8641,100.0,83.9,52.7,50.0,78.9
SDN,Sudan,Sub-Saharan Africa ,renda_baixa,1861.39794921875,-13.9643375197179,,54.6666336527076,22.1813816000123,2.20240348221045,15.8645696640015,43.5378608703613,18.60000038,,153.0,7.53,,26.7895026766595,50448963.0,0.041,40.7,0.376,18.6,15.9,50.6,50.0,28.4
SEN,Senegal,Sub-Saharan Africa ,renda_media_baixa,4460.92372176318,6.06055141198976,13.8542329986186,48.4090429943812,16.6344112501138,3.0439766592332,15.3302400879779,44.0673682244069,60.11780167,0.5772,,2.735,36.2,93.8948371682335,18501984.0,0.133,52.8,0.4261,60.1,15.3,53.2,50.0,42.9
SGP,Singapore,East Asia & Pacific,alta_renda,132569.525225795,4.38802362461865,16.3327049348535,73.0290588610543,0.0274391706944735,59.429782938503,97.2886546863037,103.082801906213,94.37757178,1.80821,2024.0,2.818,,8241.8495821727,6036860.0,0.388,100.0,0.9929,94.4,97.3,74.5,50.0,88.7
SLB,Solomon Islands,East Asia & Pacific,renda_media_baixa,2353.24808229243,2.99755987604104,10.0914166858699,46.9208634988188,29.7259898810403,1.35922325473902,,,29.04070091,,,1.431,,28.581814933905,819198.0,0.122,43.9,0.3934,29.0,0.0,50.4,50.0,26.5
SLE,Sierra Leone,Sub-Saharan Africa ,renda_baixa,3098.76290609663,4.29322336690163,6.95777964674362,42.5650434678431,29.15848297879,0.736114020377876,,86.9079513549805,25.10499954,,,3.15,35.7,117.214075921308,8642022.0,0.083,47.8,0.3009,25.1,0.0,50.2,50.0,25.1
SLV,El Salvador,Latin America & Caribbean ,renda_media_alta,11669.0817135644,2.60202016121069,12.0454823079116,61.0366871615294,4.38040930910144,5.47333119441725,32.8347079463918,62.1425847697468,66.47769928,0.10152,2.0,3.303,39.8,304.518532818533,6338193.0,0.11,66.2,0.4935,66.5,32.8,52.0,50.0,50.4
SMR,San Marino,Europe & Central Asia,alta_renda,70951.7895931976,0.401934896977224,31.7668387837015,56.8955526525288,0.0150932486085713,,57.5487465181059,60.3746397694525,97.35220337,,7.0,,,564.333333333333,33977.0,0.356,91.3,0.8396,97.4,57.5,50.0,50.0,68.3
SOM,"Somalia, Fed. Rep.",Sub-Saharan Africa ,renda_baixa,1409.33492233283,4.11139335779471,,,,,,3.34785008430481,27.94020081,,,18.948,,29.2642187649441,19009151.0,,36.8,0.3365,27.9,0.0,50.0,50.0,26.0
SRB,Serbia,Europe & Central Asia,renda_media_alta,26900.853091323,3.94992622592932,12.6868258020276,58.7832317170655,3.17227014092271,,70.582649230957,89.8402786254883,87.69071294,0.93978,138.0,7.123,32.8,78.7630277084077,6586476.0,0.216,77.8,0.7029,87.7,70.6,53.7,50.0,70.7
SSD,South Sudan,Sub-Saharan Africa ,renda_baixa,,-10.7933646271143,3.53427701123526,56.5504512594544,10.3550274477245,,,122.120628356934,6.671000004,,,12.374,44.0,18.1719082809805,11943408.0,0.08,0.0,0.0677,6.7,0.0,50.0,50.0,18.9
STP,Sao Tome and Principe,Sub-Saharan Africa ,renda_media_baixa,5491.29829852275,1.09999940100751,0.618780123693751,80.3417493068885,12.5052804435914,29.2734328924522,12.8210802078247,90.4435729980469,59.11759949,,,9.132,40.7,240.490625,235536.0,0.145,55.7,0.4082,59.1,12.8,58.6,50.0,43.5
SUR,Suriname,Latin America & Caribbean ,renda_media_alta,19179.1018321639,1.72095737011739,19.8288827476317,50.8458681480381,6.77008395773172,10.3729916697731,2.56642457392281,76.1109237670898,87.4,,,7.834,39.2,3.91810706046897,634431.0,0.195,73.1,0.5144,87.4,2.6,53.0,50.0,47.7
SVK,Slovak Republic,Europe & Central Asia,alta_renda,40319.0547230873,1.93867445549446,16.327904870625,59.9609861243037,1.58278262269337,10.5935553645599,54.4743194580078,93.1929931640625,89.82507032,1.03359,146.0,5.359,23.8,112.868968386023,5422069.0,0.197,83.4,0.719,89.8,54.5,57.2,50.0,67.2
SVN,Slovenia,Europe & Central Asia,alta_renda,48648.9078834081,1.73139722479493,19.3670698018374,57.9394382652417,1.53730419088458,8.34338034336379,80.0806884765625,107.626876831055,90.76355487,2.13385,222.0,3.175,24.7,105.31480791676,2127400.0,0.272,86.1,0.8196,90.8,80.1,60.8,50.0,77.2
SWE,Sweden,Europe & Central Asia,alta_renda,62978.9390459835,0.820071806703865,13.0043168773902,66.4283744913472,1.4222920532684,17.6524551082203,83.9988098144531,131.96354675293,95.76629783,3.59978,1771.0,8.694,29.3,25.8713678886243,10569709.0,0.316,89.6,0.8814,95.8,84.0,69.3,50.0,83.0
SWZ,Eswatini,Sub-Saharan Africa ,renda_media_baixa,10380.3966630516,2.97391075973985,29.1215996440591,51.3633744946129,6.477307702895,0.285307158606886,,82.023935767308,63.40309906,0.27807,,34.202,54.6,71.5410465116279,1242822.0,0.236,64.6,0.4166,63.4,0.0,51.2,50.0,38.2
SXM,Sint Maarten (Dutch part),Latin America & Caribbean ,alta_renda,47303.194758482,3.00000000000014,1.17053397088981,89.3434063425011,,,7.65284309533989,,,,,,,1257.32352941176,43350.0,0.036,85.7,0.5033,0.0,7.7,50.0,50.0,19.2
SYC,Seychelles,Sub-Saharan Africa ,alta_renda,29241.7758048825,3.46568066415341,4.165599228221,65.7655757027886,2.45102518947254,0.0899054165105232,14.5342502593994,70.824577331543,87.81800079,0.2017,3.0,,32.1,260.376086956522,121354.0,0.043,79.0,0.5482,87.8,14.5,50.8,50.0,51.0
SYR,Syrian Arab Republic,"Middle East, North Africa, Afghanistan & Pakistan",renda_baixa,4454.85373271464,0.732781301861365,,44.9390534854858,43.0599878108777,,43.7606582641602,38.736930847168,33.77000046,0.04217,102.0,13.569,26.4,128.490023416653,24672760.0,0.091,52.8,0.4413,33.8,43.8,50.2,50.0,42.6
TCA,Turks and Caicos Islands,Latin America & Caribbean ,alta_renda,33390.5267148059,5.63682517443362,0.446951892369447,72.6356697517672,0.351671672268128,,25.2537080405933,119.728975687525,,,,,,48.6294736842105,46535.0,0.082,80.8,0.5277,0.0,25.3,50.0,50.0,25.1
TCD,Chad,Sub-Saharan Africa ,renda_baixa,2412.865855392,4.19925854085865,7.14535399141811,29.7810046845,37.6986952016608,,4.39665967267065,23.49298947746,12.62689972,0.23294,,1.057,37.4,15.342331639136,20299123.0,0.075,44.3,0.2759,12.6,4.4,50.9,50.0,22.6
TGO,Togo,Sub-Saharan Africa ,renda_baixa,2960.77542569109,6.53204505563791,11.4100893223643,49.160730242496,21.3288248148543,0.681948279595617,14.9029897765252,63.4192515229188,39.48320007,0.22229,,1.995,37.9,171.067052767053,9515236.0,0.098,47.1,0.3509,39.5,14.9,51.1,50.0,35.2
THA,Thailand,East Asia & Pacific,renda_media_alta,21740.5403219261,2.54182067735289,24.3302698519497,59.1528957274226,8.7111266189882,28.3057768762254,49.0776442074561,92.0872315506486,90.86718789,0.93628,867.0,0.781,33.3,140.348088629646,71668011.0,0.266,74.9,0.6669,90.9,49.1,62.0,50.0,67.3
TJK,Tajikistan,Europe & Central Asia,renda_media_baixa,4755.93296704719,8.39999980983981,14.6125760832401,34.7082666200741,22.8588621065173,15.2077910112936,35.6398418742497,86.9035257819264,55.79339981,0.08969,1.0,6.931,36.1,74.8598530153469,10590927.0,0.148,53.7,0.4525,55.8,35.6,54.8,50.0,48.7
TKM,Turkmenistan,Europe & Central Asia,renda_media_alta,18662.298799056,6.2994265836889,17.9621538458978,50.350636912731,12.1667430789981,,20.4250351701637,94.6464126735365,17.99029922,0.09,,4.267,,15.6713510522844,7494498.0,0.182,72.7,0.5404,18.0,20.4,50.4,50.0,29.6
TLS,Timor-Leste,East Asia & Pacific,renda_media_baixa,3890.95763434187,-9.10069369772735,1.90011872898043,71.6305202418539,20.1605204711386,1.52605032155587,30.9611108169641,84.7410404382553,35.04199982,,,1.592,,93.0925353059852,1400638.0,0.083,50.9,0.4778,35.0,31.0,50.4,50.0,38.8
TON,Tonga,East Asia & Pacific,renda_media_alta,7030.41917439715,2.79014366862668,4.96429589682883,49.9890087748987,18.9589256874773,28.4602948799521,42.8611738148984,92.4258049730721,67.4417038,,,2.008,27.1,145.273611111111,104175.0,0.235,59.2,0.5459,67.4,42.9,58.3,50.0,56.2
TTO,Trinidad and Tobago,Latin America & Caribbean ,alta_renda,31960.1568888983,2.50920813979569,14.3789697782798,59.1817694915092,0.777630166856125,0.223696636088891,23.8493010569383,95.6815649255588,82.15989685,0.05039,2.0,3.329,,266.571150097466,1368333.0,0.096,80.2,0.653,82.2,23.8,50.3,50.0,52.1
TUN,Tunisia,"Middle East, North Africa, Afghanistan & Pakistan",renda_media_baixa,12774.9158568021,1.61444564976986,14.7948868494485,62.6074263616937,9.73863393101929,7.70110744284105,38.1219482421875,90.3264236450195,76.5,0.74658,180.0,15.108,33.7,78.530065653965,12277109.0,0.155,67.5,0.5653,76.5,38.1,55.2,50.0,56.6
TUR,Turkiye,Europe & Central Asia,renda_media_alta,36154.490436557,3.3276230893799,16.8424801408013,57.5212773580131,5.82042467876951,5.13775956987065,105.88606262207,118.411979675293,89.77024003,1.42224,8234.0,8.52,43.7,110.866214934449,85518661.0,0.263,81.9,0.7814,89.8,105.9,57.1,50.0,84.3
TUV,Tuvalu,East Asia & Pacific,renda_media_alta,5812.39924537753,3.85280919517032,,,15.9163265306122,,19.3509615384615,90.6571654790182,35.20000076,,,,,327.2,9646.0,0.117,56.5,0.4857,35.2,19.4,50.0,50.0,34.9
TZA,Tanzania,Sub-Saharan Africa ,renda_media_baixa,3713.26293945313,5.5263138305945,8.06364335166651,29.5630742231974,23.3180780856465,3.00569275084221,4.01880979537964,28.231330871582,31.16209984,,1.0,1.572,40.5,75.2061481146986,68560157.0,0.061,50.3,0.3097,31.2,4.0,50.9,50.0,28.7
UGA,Uganda,Sub-Saharan Africa ,renda_baixa,2879.67009290376,6.05558075875589,15.1091911678522,43.1413581135321,24.618950598633,1.91593833437355,,,8.949831061,0.4383,14.0,2.746,42.7,242.65210951526,50015092.0,0.108,46.7,0.2701,8.9,0.0,52.3,50.0,20.4
UKR,Ukraine,Europe & Central Asia,renda_media_alta,16319.8447265625,2.9138222142611,8.41130281423941,60.6158989452331,7.11116658934678,6.37028789775054,87.1920013427734,86.1695022583008,82.47489929,0.36988,1302.0,9.834,25.6,65.1239834311357,37860221.0,0.17,70.9,0.6937,82.5,87.2,53.3,50.0,74.3
URY,Uruguay,Latin America & Caribbean ,alta_renda,32038.7727288227,3.10825478066172,9.69126071048577,65.2627436197817,6.42188821840422,9.84178975855216,79.9536903496537,119.105005958635,91.99109007,0.70196,23.0,7.516,40.0,19.3582504856588,3386588.0,0.186,80.2,0.7048,92.0,80.0,55.6,50.0,75.9
USA,United States,North America,alta_renda,75489.2664334817,2.79300127716779,10.7103708073141,77.5992103112853,0.959566656543433,24.322982844202,79.361930847168,97.4734878540039,94.69380188,3.44716,262244.0,4.198,41.8,36.8198061311277,340110988.0,0.347,92.2,0.8522,94.7,79.4,70.7,50.0,81.6
UZB,Uzbekistan,Europe & Central Asia,renda_media_baixa,10450.2051402852,6.49999999997677,20.1938734830319,45.1918282895449,18.325982693232,1.73386305963966,59.8086982926392,98.1198414913864,89.50550079,0.10416,413.0,4.622,32.7,80.9084466129581,36361859.0,0.171,64.7,0.6054,89.5,59.8,50.9,50.0,66.7
VCT,St. Vincent and the Grenadines,Latin America & Caribbean ,renda_media_alta,18714.198849353,4.06183490050209,3.7628902274313,66.4018742438693,3.54621278556935,4.93442861881868,41.4983277591973,124.871794871795,76.19010162,,,18.003,,259.802564102564,100616.0,0.131,72.8,0.6551,76.2,41.5,51.4,50.0,56.4
VEN,"Venezuela, RB",Latin America & Caribbean ,outros,,5.29999999999984,,,,,,97.7908172607422,76.67890167,,96.0,5.307,,32.0853171588912,28405543.0,0.0,0.0,0.2703,76.7,0.0,50.0,50.0,42.2
VGB,British Virgin Islands,Latin America & Caribbean ,alta_renda,,,,,,,29.5605306799337,75.5833129882812,77.7042682926829,,,,,259.9,39471.0,0.179,0.0,0.3678,77.7,29.6,50.0,50.0,52.4
VIR,Virgin Islands (U.S.),Latin America & Caribbean ,alta_renda,46479.2996685326,-1.31123206333498,,,,,,,64.3774942980087,,,11.443,,299.762857142857,104377.0,,85.4,0.5782,64.4,0.0,50.0,50.0,38.1
VNM,Viet Nam,East Asia & Pacific,renda_media_baixa,14415.2159532813,7.09118746633975,24.4304272603192,42.3596025324624,11.8634906983546,44.256885251682,37.5923642016718,93.4123434096522,84.15,0.41456,1066.0,1.523,36.1,320.175197572656,100987686.0,0.273,69.1,0.5949,84.2,37.6,64.6,50.0,62.1
VUT,Vanuatu,East Asia & Pacific,renda_media_baixa,3172.04772751391,0.942185362275907,2.35000246503755,59.0507962071289,24.3052702502835,,,134.670675170038,22.35140038,,,5.073,32.3,26.2845775225595,327777.0,0.053,48.1,0.2997,22.4,0.0,50.0,50.0,24.1
WSM,Samoa,East Asia & Pacific,renda_media_alta,7686.24942571869,4.74838445564714,5.214373660019,69.3629975714968,9.79503060602777,76.6700641079328,16.0263900756836,87.3532286947715,,,1.0,4.996,,77.9363309352518,218019.0,0.278,60.4,0.4776,0.0,16.0,72.4,50.0,29.5
XKX,Kosovo,Europe & Central Asia,renda_media_alta,15716.2925564586,4.5730971681166,12.6224376519873,45.6806471652704,7.33520637426488,,,,89.4430319734879,,,,38.3,,1594353.0,0.286,70.3,0.5253,89.4,0.0,50.0,50.0,46.5
YEM,"Yemen, Rep.","Middle East, North Africa, Afghanistan & Pakistan",renda_baixa,,0.752447592962554,,41.8118618427961,28.7451403146812,4.82928415383478,,43.6906890869141,17.49099922,,20.0,17.322,,74.6080250771824,40583164.0,0.028,0.0,0.1862,17.5,0.0,51.4,50.0,23.0
ZAF,South Africa,Sub-Saharan Africa ,renda_media_alta,13597.6538495998,0.534843531905139,12.7973009661441,62.9921807546005,2.81119526983539,5.70923344153222,23.493768799339,104.133480684239,78.35759735,0.61479,1804.0,32.391,54.1,52.1085690262058,64007187.0,0.119,68.3,0.4798,78.4,23.5,54.1,50.0,52.0
ZMB,Zambia,Sub-Saharan Africa ,renda_media_baixa,3708.06904295647,3.82004825518591,9.04858570665344,57.1882934058153,2.83370764465019,1.4719428559393,,56.7889289855957,17.10099983,,13.0,5.918,51.5,27.8776483407095,21314956.0,0.074,50.3,0.2552,17.1,0.0,50.4,50.0,22.5
ZWE,Zimbabwe,Sub-Saharan Africa ,renda_media_baixa,5215.25301075742,1.74239524880791,15.5645508202725,50.6052960837344,8.68845082778603,2.79801736625087,7.74912957845971,,41.64279938,,8.0,9.293,50.3,42.24071862479,16634373.0,0.108,55.0,0.336,41.6,7.7,50.8,50.0,33.4
