gdp_per_capita,tertiary_enrollment,rd_spending,patent_apps,high_tech_exp,internet_users,fdi_inflows,unemployment,gini,services_emp,ai_readiness,knowledge_complexity,export_sophistication,product_density,arm_trapped,gdp_growth,arm_relative,economy,income_level
33373.9174591266,14.0655418559377,0.5772,1.0,6.86800836378335,97.17,2.42051208397071,5.092,35.2,57.1816359992713,7.03277092796885,-0.2677968932711927,-0.9068814080186678,0.5820788431052661,,6.81077669324542,0,ABW,high
1435.35627774336,8.66186046600342,0.586779084367876,102.0,5.84676186051693,30.4,2.15814407842415,7.53923442390472,35.2,34.6968130103833,30.4,-0.9581107203159749,-0.46075322704670296,0.08050548487624912,0.0,2.76383869054277,0,AFE,middle
378.06630312259,10.85435962677,0.5772,102.0,0.0,16.09499931,0.144466946606861,13.351,35.2,29.4719178364586,0.0,-1.3969751606487115,-1.057565217391532,0.07712730377374619,,2.26694373649188,0,AFG,low
1816.34604380299,10.1902599334717,0.27753675622014,102.0,3.14322306755451,42.4,2.39840367592386,3.19055229252225,35.2,43.2531195385582,42.4,-0.876365513480404,-0.560611352171435,0.12313204765483543,0.0,4.5856736208091,0,AFW,middle
2845.47779302975,9.9549065722902,0.03229,2.0,16.6897206933082,40.70479965,-1.0986881170909,14.108,51.3,40.8514654803696,0.0,-0.9943137141431692,-0.9102995092689028,0.15236197624803557,0.0,4.42390664406875,0,AGO,middle
6549.23387415397,84.1496200561523,0.19997,23.0,1.52935344981595,85.86389923,6.32349466068578,10.926,29.4,47.2443938528146,0.0,0.0748065824697997,-0.821783495967825,0.376128834481103,0.0,4.04592845095348,0,ALB,middle
41034.5266723078,67.6767676767677,0.15818,3.0,21.4346319155008,94.39759827,6.64266743694098,5.092,35.2,57.1816359992713,64.11799105419192,0.7467616495626662,-0.42048438431542945,0.7754583034289795,,3.37182032638998,0,AND,high
6282.0327428409,35.0803985595703,0.677204976660046,102.0,4.96255409646317,80.5054655600831,3.63591508558193,9.22073083160848,35.2,60.0880075341387,0.0,-0.2860022441871265,-0.20920770052953067,0.21957664819645428,0.0,1.70353102787844,1,ARB,middle
41605.4168670844,63.7384451086316,1.49469,69.0,8.96029397394575,100.0,8.26261712974626,2.174,26.4,67.9677172675509,0.0,0.5655033680169653,0.27785779789241943,0.8613380158613139,,3.99180705485398,0,ARE,high
12774.3506596628,107.822574129434,0.60111,406.0,3.85019697474113,89.66715228,1.82409522925391,7.145,42.4,71.8147392248427,0.0,0.5337349236233774,0.19829811888031998,0.5603161000568694,0.0,-1.34293072157739,1,ARG,middle
5378.31799981682,52.7748065090859,0.2861,40.0,23.6403270515259,81.33930206,0.506878336560983,12.871,27.4,51.7297438371184,0.0,0.12293323687844085,-0.1223155197125939,0.41350085883961596,0.0,5.90000000046228,0,ARM,middle
13709.0974895473,41.4983277591973,0.39552,102.0,6.86800836378335,80.5054655600831,2.2477804102682404,5.092,35.2,57.1816359992713,0.0,-0.2732121978249556,-0.017555835560132474,0.3052336286073803,1.0,1.73501577287065,1,ASM,middle
18350.185036972,25.1156271899089,0.5772,5.0,0.0,72.73040009,11.1314252318887,5.092,35.2,57.1816359992713,36.365200045,-0.3738480058403179,-1.2861957754952713,0.35322543037478193,,3.65638765956977,0,ATG,high
61480.670710531,108.421989440918,1.85783,2966.0,25.1586416457084,96.13140106,3.03883928325354,4.09,33.8,78.5307299266158,0.0,1.3967784326473573,1.7945636587135543,0.9758554075749151,,1.37340773365975,0,AUS,high
45958.8250071261,92.6126708984375,3.25517,1872.0,18.4525766859019,91.92573373,2.55351579610657,5.582,31.2,72.5860340795189,91.92573373,2.0735291013151715,1.5531718749559347,0.8958235312681603,,-0.659089573171372,0,AUT,high
5871.14373251952,41.3413783372226,0.20778,119.0,2.91095088102775,90.80000181,0.311206693209432,5.457,26.6,50.2379526950328,90.80000181,0.2775518418163679,-0.3508349855229603,0.4662181741504203,0.0,4.07140205008956,0,AZE,middle
268.700857391724,6.38454008102417,0.21312,2.0,1.30508367041098,8.595999718,1.08105925624791,0.922,37.5,11.555679288196,3.192270040512085,-1.600547512290383,-1.5110120807851222,0.10744976661042847,,4.11227376264944,0,BDI,low
45045.6601021398,82.1475601196289,3.27235,799.0,20.3921453422236,95.77579144,-6.1601989579997,5.906,26.8,79.7685825220163,0.0,1.4758698282379425,1.337882156406098,0.9204839844211509,,1.07045413019414,0,BEL,high
1324.78312597434,10.2350101470947,0.5772,102.0,30.5389584270212,33.98379898,2.5276563137227,1.589,34.4,41.442370995676,0.0,-0.6462072664225681,-0.14560656589084384,0.24311369279103698,,7.45311566226201,0,BEN,middle
763.833733522408,10.0419678526515,0.10477,2.0,1.64548901950889,28.25270081,0.358681465803854,3.477,37.4,31.558141814278,0.0,-1.385277159063511,-1.434895112806362,0.049265164870286704,,4.79980951667159,0,BFA,low
1941.27874360025,23.7295608009814,0.5772,74.0,0.539452073551698,53.42171316,0.283870773350074,3.778,30.9,37.7062779422273,0.0,-0.8258211300147058,-0.8086406473634659,0.12417559782601185,0.0,4.22325911250161,0,BGD,middle
10126.8980075708,69.5460433959961,0.79224,165.0,13.4299683659831,82.438955,3.1312025090285,3.536,39.5,67.4343775753033,0.0,0.2850589765557849,0.25293940323504294,0.5656144075584675,0.0,3.38709063847314,0,BGR,middle
25812.4504577306,58.3677241853667,0.19327,3.0,0.387343644517371,100.0,5.73694505846498,1.102,35.2,64.2593849930069,0.0,-0.05514438877143558,-1.328926427359274,0.5972760641455631,,2.60379670648454,0,BHR,high
33968.2032187918,41.4983277591973,0.5772,4.0,0.0,92.47270203,1.51932088638775,9.207,35.2,84.4354393074231,0.0,-0.20344507565151007,-1.3019847671329745,0.6689841395645386,,3.37866553336166,0,BHS,high
6730.26828824205,45.5027618408203,0.21437,53.0,6.16317357059664,86.10091103,3.39024835333872,11.037,30.3,52.6908459507566,0.0,-0.23720099119106514,-0.3514396340459295,0.2972420646018752,0.0,2.9715174617652,0,BIH,middle
6792.13183495565,70.1107509145358,0.5872,276.0,6.01576846359853,94.26182128,2.28598440253164,3.38,24.4,59.4634450411494,0.0,0.2276610954729106,0.06968605824417037,0.5470965133832142,0.0,4.00984852465452,0,BLR,middle
6290.49294452749,24.8098643151325,0.5772,1.0,0.0001910876991115,80.00582262,4.00992513639046,8.856,39.9,68.5182208409985,0.0,-0.5201695826263255,-1.5994470216886651,0.25354620617760354,0.0,3.50466435023895,0,BLZ,middle
122117.603586776,17.3357105255127,0.22546,102.0,14.3007432825453,98.37,1.27620852105354,5.092,35.2,57.1816359992713,4.29022298476359,-0.21314562846378626,0.6057598931805998,0.8593563512647207,,5.97253260071749,0,BMU,high
3045.61476602385,41.4983277591973,0.06308,5.0,8.79395083358911,79.70469666,0.652112801170427,2.967,40.9,55.4920644482231,0.0,-0.35219823869377326,-0.8942643263405028,0.20162999009138222,0.0,-1.12335595517212,1,BOL,middle
9566.74408628371,69.7317733764648,1.1938,4666.0,11.1103644206652,84.46347227,3.38960802616211,5.97,50.3,72.1590982894571,0.0,0.3978591309178483,1.033308041336999,0.49886579984251017,0.0,3.41931516597739,0,BRA,middle
21581.2171257633,50.801079116886,0.5772,73.0,19.9263557583818,70.36470032,4.04185101459713,6.524,34.1,82.5829576162959,25.400539558443,0.1593108945281082,0.2992766471591395,0.724135340969527,,2.4822621396186,0,BRB,high
29563.8682753082,36.4182725443167,0.27764,2.0,1.06433459453488,96.29828801,0.189449066349964,5.277,35.2,78.4133595005728,0.0,-0.28765484095499577,-1.2637005834131951,0.6281306791453187,,4.05251709306727,0,BRN,high
3480.51388574877,13.011259392916,0.09979,1.0,0.0107261524845822,91.27739716,0.338339566584512,3.227,28.5,41.751131926612,0.0,-0.6642781329757412,-1.6681795865743467,0.2559881289800038,0.0,4.63215704523927,0,BTN,middle
6937.33180990267,21.4087908549348,0.561,3.0,0.539469030954736,57.45950036,2.40833479893043,24.477,54.9,66.1987613296387,0.0,-0.8089741827955459,-1.3218009324399524,0.28616135872052617,0.0,-2.98986879467928,1,BWA,middle
389.938307964229,2.77519989013672,0.5772,102.0,8.29978042191414,13.78250027,1.46851186564355,6.251,43.0,20.5464005334446,0.0,-1.3575416582179822,-0.65224137802234,0.08495240868313732,,1.49999999847535,0,CAF,low
44413.3983847404,76.2666931152344,1.7908,4710.0,16.7779029827711,94.353302,2.81029565355294,6.907,31.5,80.1468654728121,0.0,0.8695988730968645,1.6886684635998004,0.9502820605438443,,1.55479521049516,0,CAN,high
16856.766201271,68.5388870239258,1.34190356157401,102.0,15.8809772241043,80.5054655600831,-0.147680272642613,4.14452082089943,35.2,63.3998239108127,0.0,0.4696712573762394,0.3408138832975769,0.7601075027385054,0.0,2.0701601704917,0,CEB,high
90067.4645431168,73.5430526733398,3.22178,1288.0,29.6239015157944,97.32103855,-11.5737467714118,4.873,33.8,78.1685429889649,97.32103855,2.1611280938656794,1.8074152721976264,0.9894671202978509,,1.30233332541106,0,CHE,high
69818.1528119104,41.4983277591973,0.5772,102.0,6.86800836378335,80.5054655600831,2.2477804102682404,6.169,35.2,85.2925913112242,0.0,-0.2160494420231863,0.3186521439547322,0.8658156417971297,,3.71500590367266,0,CHI,high
14579.4001071307,110.176902770996,0.39205,402.0,8.31650307450688,95.590243,3.79129110936144,8.974,43.0,72.4344092725215,0.0,0.6410952698803677,0.3876245965730328,0.5708197314620107,0.0,2.64431154871538,0,CHL,high
13121.6769905565,76.8757843123403,2.57729,1426644.0,26.2777380479223,91.6,0.0989988051182737,4.615,36.0,46.5308142926728,91.6,2.8829443916134045,2.8831554849946337,0.5795467999792899,0.0,4.9773565917572,0,CHN,middle
2395.67689089222,12.3354902267456,0.06975,26.0,5.25759412069948,41.43219902,3.58346670744132,2.323,35.3,40.301955185326,0.0,-1.1561933979963097,-0.7177987116439184,0.06986897568435028,0.0,6.01953461940062,0,CIV,middle
1480.73097431993,16.6614294830602,0.5772,102.0,2.10363029161033,46.25880051,1.66655391243674,3.602,42.2,43.5314147377979,0.0,-0.953188306768278,-0.6298709223870624,0.06691520047733804,0.0,3.52472308052245,0,CMR,middle
554.244129980766,6.37987995147705,0.40638,72.0,0.199611665225369,19.67350006,4.10789956662809,4.434,44.7,33.4535474279797,0.0,-1.4528555221473938,-1.0439869108032,0.07178637525019398,,6.12675551779212,0,COD,low
1679.58061097707,10.3812103271484,0.38339,102.0,3.15972234574724,47.25159836,3.83980276481754,19.876,48.9,44.1675053748199,0.0,-1.049206337439977,-0.5618612220806042,0.1601169799327683,0.0,2.57966943921721,0,COG,middle
6863.59563194342,59.2901382446289,0.2894,432.0,9.02469704912672,79.34543299,3.26725954832527,8.29,54.4,65.8427408631905,0.0,-0.09503168964274157,0.23652069464536865,0.35545923779320204,0.0,1.5983315366523,1,COL,middle
1401.88898411553,18.8190281456697,0.5772,102.0,3.13907204820087,32.51750183,0.492716315085539,3.819,30.3,51.6476459333985,0.0,-1.0691867626451628,-0.5759942309351027,0.15230956865214254,0.0,3.3381010943571,0,COM,middle
4448.96609078891,24.2905954414767,0.06622,1.0,1.15215005835922,74.73519897,4.03361601888808,11.939,42.4,67.6890056766895,0.0,-0.7258257994083851,-1.476652804500583,0.19959108008251145,0.0,7.24388538990945,0,CPV,middle
14866.5823676109,55.0202903747559,0.33738,15.0,22.8587994049653,87.17019653,5.55680052586902,6.843,45.5,70.032117480454,0.0,0.21505223860355002,-0.16042352823390807,0.5058575649568775,0.0,4.32122429646145,0,CRI,high
18582.6849984925,22.4458999633789,0.5772,102.0,4.36134895566411e-05,80.5054655600831,10.6792439839521,7.55114639676154,35.2,70.8769280432021,0.0,-0.5390381031026663,-0.5482203259866457,0.4141631258086475,0.0,13.3129250895082,0,CSS,high
7381.39774048869,43.1040700506779,0.43839,21.0,7.87558913182664,70.47699738,2.2477804102682404,1.746,35.2,67.5630816773266,0.0,-0.3395575344654662,-0.46091852448823956,0.3772320114243549,0.0,-1.06173273220524,1,CUB,middle
18044.7751865648,23.0842005676443,0.5772,102.0,6.86800836378335,68.1272162511339,4.347105970852,5.092,35.2,57.1816359992713,0.0,-0.5497607727979974,0.05745807503965685,0.2596786133020368,,5.02690000000014,0,CUW,high
83005.4838305223,33.0195503234863,0.5772,102.0,85.5232283869582,81.0676932508161,166.996362350542,5.092,35.2,57.1816359992713,25.656968516087456,1.284751427808964,1.1708279693331007,0.7314468610832108,,5.8155918263088,0,CYM,high
32617.216796875,120.87727355957,0.68145,1.0,18.0329234506901,89.60099246,-133.824278977736,4.924,31.8,81.5765146373869,0.0,0.9507292020409222,-0.6195995035227309,0.8052790227388925,,3.94077381708404,0,CYP,high
20445.432830127,66.7282867431641,1.83369,541.0,22.4045215279558,87.68776014,3.76083530894919,2.825,25.7,62.3966739543494,0.0,0.8060555741822425,0.9521887081256653,0.7765981157629793,0.0,1.23308611983484,0,CZE,high
44027.7631554469,76.7096862792969,3.1539,39822.0,17.9772990379432,93.49999579,1.01586176558023,3.711,33.7,72.9547886419257,0.0,1.3409350602087773,2.389097645827278,0.9287736331738241,,-0.495851897260366,0,DEU,high
3290.42482052598,5.16012001037598,0.5772,3.0,3.27550022198031,65.29889679,1.63337101411676,26.015,41.6,92.1662710237891,0.0,-0.8341548621533763,-1.1140300318935568,0.356269704853005,0.0,6.98048467276334,0,DJI,middle
9172.71049624795,41.4983277591973,0.5772,102.0,2.88328233207454,82.04689789,8.70431929375585,5.092,35.2,57.1816359992713,82.04689789,0.24025844019505588,-0.2674003804619559,0.4629260031314302,0.0,2.052738472526,0,DMA,middle
60772.8624276041,78.9604110717773,3.04841,1090.0,17.6194498489345,99.76915157,4.29658848924698,5.529,29.9,79.5748181773447,0.0,1.3679106135289698,1.4594157367602691,0.9757063689339092,,3.47783593140312,0,DNK,high
9168.45418897141,57.6509476207267,0.5772,7.0,7.68868351413961,91.0022446,3.6013993607877,5.092,39.0,74.0204119000483,0.0,0.08732201536979549,-0.6609860469500523,0.5237895908298896,0.0,4.95352204492849,0,DOM,middle
4765.72900168387,54.4283410150344,0.44395,268.0,0.960396672710236,77.4178009,0.455370730483787,11.633,27.6,58.2543408872525,0.0,-0.26519973415314746,-0.35398516025787835,0.34708545943973546,0.0,3.69999999907979,0,DZA,middle
10128.2890911466,61.7415199279785,2.47590303547195,102.0,28.0181564947106,88.1,0.503217325098738,3.9178376117136,35.2,47.0076786256634,88.1,1.6105081735358084,0.446235872122523,0.6769449482169239,0.0,4.96144388249688,0,EAP,middle
3887.67750781635,36.2870903015137,0.800602425905232,102.0,14.1769493280284,80.5054655600831,1.73260756149677,5.15274599833717,35.2,43.3570543531077,0.0,-0.06787739924010575,-0.05448146732862331,0.20473173574691417,0.0,3.66894359356229,0,EAR,middle
13252.7558734185,63.3318481445312,2.77406822897594,1769228.0,34.6805931487323,88.4,1.47109621535185,3.80585541446833,35.2,49.8804456191501,88.4,3.1517951055297266,3.028421820894931,0.5711844356518483,0.0,3.79010550023051,0,EAS,middle
8634.68709000162,85.1110763549805,0.90394553471454,102.0,10.6779888123484,87.5,1.56254971259269,6.83346297049418,35.2,56.1394001603636,87.5,1.0353443503282391,0.05524961939020972,0.5921097368028748,0.0,3.9823947129598,0,ECA,middle
25973.9053281236,84.8905563354492,2.13845186931503,215964.0,21.4261686082944,92.4,0.610318280608877,5.35763709810189,35.2,69.6755164422269,92.4,1.8617352446269115,2.6315026382014364,0.8047965179185147,,1.56624845618092,0,ECS,high
5999.39391066593,67.8851161961618,0.43839,35.0,9.99836390672699,77.17273115,0.355365031150455,3.308,45.9,50.9282964613367,0.0,0.03395847501806569,-0.3236128623913129,0.32502776645285786,0.0,-2.00125476341026,1,ECU,middle
4137.60929232898,38.0398346509947,1.01757,881.0,3.81290087814207,74.64839935,11.9719350883142,6.781,28.5,53.1180498028743,19.01991732549735,-0.11688513402459423,0.16022280097787284,0.3440534861075234,0.0,2.3991692678251,0,EGY,middle
38254.4232216366,81.8938369750977,2.29924641772542,102.0,21.3516584494964,80.5054655600831,1.64242940360832,6.33138964349225,35.2,74.8970738085859,0.0,1.0091639354331765,0.6814321043800129,0.9210557360055024,,0.911910157337687,0,EMU,high
751.374899794668,3.20262002944946,0.5772,102.0,6.86800836378335,14.34939957,1.8886183675912,5.978,35.2,31.7822898701048,0.0,-1.3725011581542288,-0.5559406011347462,0.08260153896072309,,8.67980010138049,0,ERI,low
29245.2192451729,93.7689666748047,1.49362,1308.0,9.28447661569937,95.7574516,2.47896679493344,10.376,33.4,76.774166700687,0.0,0.8366368703668754,1.0121742921069765,0.7997191444364724,,3.45525405630191,0,ESP,high
20078.1397620993,65.6692276000977,1.83878,25.0,18.382980141257,92.23796204,-7.97097840452121,8.313,30.7,71.0457726757545,0.0,0.7755358286776021,0.09729586286541783,0.8162399443423373,0.0,-0.0900428648493801,0,EST,high
883.458588619291,5.9192507771213,0.27437,6.0,3.75062055802087,21.94129944,2.68582028016447,3.323,31.1,33.4085850993779,0.0,-1.409046676706515,-1.1364699233347795,0.10738414796061661,,7.61277447511073,0,ETH,low
34896.3710345936,79.4997329711914,2.26283132761121,102.0,20.6166459855189,80.5054655600831,1.52951615929442,5.92651809121259,35.2,72.8592888602171,0.0,0.9594361498054874,0.6467934379570753,0.9106965090322652,,1.06455789818651,0,EUU,high
1419.27637949231,14.5780601501465,0.270348755447398,102.0,6.86800836378335,38.5,1.1037887604999,5.12087353705196,35.2,40.7021976233898,38.5,-0.8343732837480042,-0.4628763130823961,0.08830009194166757,0.0,2.00694502217958,0,FCS,middle
45254.0358658917,110.304496765137,3.0938,1557.0,9.28522659633957,93.72405196,2.92666706920425,9.461,27.4,75.6665546218487,0.0,1.4895138991338512,1.2824386706531905,0.8706300583368437,,0.416171964862073,0,FIN,high
5935.20896505673,75.0089752283697,0.5772,102.0,2.99874841417736,74.7052002,3.41161017865705,5.347,30.7,51.7107898868497,0.0,-0.002888536593119681,-0.33448633655561477,0.3793619199078576,0.0,3.53085896076352,0,FJI,middle
39683.3953489029,71.5346908569336,2.17832,13386.0,23.1371073769038,88.65381638,1.64700185498585,7.542,31.8,78.3266612562329,0.0,0.9984059737865132,2.066903090045554,0.9351007316020873,,1.19046798275883,0,FRA,high
59257.6449307094,41.4983277591973,0.85253,102.0,0.637987563649529,97.5819589384468,2.2477804102682404,5.092,35.2,57.1816359992713,0.0,-0.046737947531833544,-0.19966541325964549,0.8056248702799539,,0.843716851362103,0,FRO,high
2930.27926555574,13.3582201004028,0.5772,102.0,6.86800836378335,39.52360153,6.43620509110735,5.092,40.1,57.1816359992713,39.52360153,-0.7324660979487475,-0.2934023916263901,0.15028386104773703,0.0,0.718990177344025,1,FSM,middle
6618.98685865885,7.65526008605957,0.57924,102.0,1.77313570365975,68.72090149,5.47750591310442,20.154,38.0,52.2824316264551,0.0,-0.7954389813301521,-0.41253363245154717,0.2230387107306265,0.0,3.39403899592401,0,GAB,middle
47960.9105761942,80.4146499633789,2.67614,11592.0,29.233260009076,95.4720993,-0.351465690300773,4.746,32.4,83.2346343545551,0.0,1.4346526684966696,2.198526323548775,0.9604179957452829,,1.1264226705118,0,GBR,high
6808.07398025981,89.4861221313477,0.26435,90.0,3.78381539474497,83.79855689,4.68837813919395,12.097,33.9,49.4768253255816,44.74306106567385,0.44646908615977315,-0.3287141837039802,0.41936788359396654,0.0,9.67979387500691,0,GEO,middle
2167.72691406678,21.330810546875,0.37655,12.0,2.11003762211445,72.17569733,2.14505298599888,2.979,43.5,47.1708185731584,0.0,-0.6710064563991948,-1.0056909389412254,0.13030572219814418,0.0,5.59045469593266,0,GHA,middle
1045.92207475817,10.8547201156616,0.5772,102.0,0.899971742078623,33.30469894,5.60537419672227,5.163,29.6,38.4901231323681,0.0,-1.1837631515607254,-0.7900678310511227,0.1168226970393243,,5.35004659051708,0,GIN,low
758.96588872906,13.4765901565552,0.06933,102.0,3.34757896376015,49.49430084,9.66186331873299,6.521,38.8,53.6436689000085,0.0,-1.086672249643474,-0.7212104725416854,0.0,,5.55126069510321,0,GMB,low
793.692157673779,2.62031006813049,0.5772,102.0,5.80645161290323,29.77739906,1.20132689112583,2.673,33.4,29.2144614326375,0.0,-1.221243549337279,-0.5745578645279467,0.10915021664367415,,4.14631137217332,0,GNB,low
5041.94038551173,1.84452998638153,0.5772,102.0,6.86800836378335,63.29930115,1.47277889961866,8.337,38.5,34.7479074828001,0.0,-0.8265481114513534,-0.18866382499649495,0.07303872740413014,0.0,0.907248245986736,1,GNQ,middle
21494.6856060599,165.113418579102,1.4943,394.0,15.011494857431,86.26968886,2.6312519942121,8.54,33.4,73.0070237583302,0.0,1.575395230246712,0.7448214266623188,0.7201820646373985,,2.0865743380603,0,GRC,high
10196.0049872434,99.9891967773438,0.5772,102.0,6.4434446202485,70.16159821,11.9486288193338,5.092,43.8,57.1816359992713,36.04731579803728,0.4924078110447044,-0.06817386849893042,0.4680960283424277,0.0,3.96332516398188,0,GRD,middle
49929.7755428605,41.4983277591973,0.64608,102.0,1.70924920520931,69.4824617821988,2.2477804102682404,5.092,35.2,57.1816359992713,0.0,-0.4138461478799901,-0.08510090925786554,0.6960945450277817,,0.865961986998158,0,GRL,high
4563.09590652717,27.2948879201171,0.00609,9.0,5.39604303984542,60.22140121,1.63251851384265,2.604,45.2,48.2345251648488,0.0,-0.8026957150144403,-0.850329042935738,0.13646145310131047,0.0,3.65186382894819,0,GTM,middle
34627.9862781837,41.4983277591973,0.2561,102.0,6.86800836378335,80.5054655600831,2.2477804102682404,5.569,35.2,79.1832966794277,0.0,-0.3170785089978017,0.13844681405095444,0.6835872123263271,,5.09986426216793,0,GUM,high
33034.9576389333,26.4315792489043,0.5772,40.0,13.3341087055182,83.00080109,34.9900722943113,11.962,35.2,56.6920372875109,0.0,-0.2277082045920655,0.10951040918034631,0.5075923016634488,0.0,43.8193108024355,0,GUY,high
41776.3359445333,82.0356521606445,2.8690798480384,870300.0,25.8938294370333,94.2,1.44305832724786,4.40732868510062,35.2,74.9146961480993,94.2,2.657160566849746,3.331752152200999,0.7761575507302045,,1.95000793704469,0,HIC,high
44712.7654725532,120.08978583196,1.12597,401.0,75.5706908349979,95.75536971,30.924624334882,2.799,35.2,85.8032590723654,0.0,2.1941073832374496,1.4121491601389649,0.8082810306159565,,2.50498758466826,0,HKG,high
2573.37159995648,23.3177890777588,0.05997,8.0,3.87334759570957,58.62269974,3.52903749551745,4.92,45.7,55.9398845656115,0.0,-0.8730706885156782,-0.9957025298370726,0.12088388890535733,0.0,3.55397003296669,0,HND,middle
1015.32013675499,9.09300994873047,0.5772,102.0,2.96092659452304,80.5054655600831,4.37053598866678,4.14029129900976,35.2,33.1237793692356,0.0,-0.6247467058082823,-0.6411638256943474,0.132101618336397,,5.14470675657978,0,HPC,low
17854.2091012685,81.1775207519531,1.38621,77.0,11.6739199311189,83.63240029,4.87780112464328,5.002,30.1,69.3106058073125,0.0,0.5750855135713526,0.20070763275627498,0.7604095709270153,0.0,3.82688702890739,0,HRV,high
1154.87300909888,41.4983277591973,0.5772,2.0,6.86800836378335,47.8614006,0.0792936453462934,14.944,41.1,44.5850424241342,0.0,-0.5896592732347407,-1.1309644244922166,0.11642960250579605,0.0,-4.16963395808132,1,HTI,middle
16518.6369936397,60.5168685913086,1.37748,433.0,22.5745118826045,93.77898628,-27.9229280333136,4.521,30.6,65.3516602373567,0.0,0.6704232675989303,0.8053685261705047,0.79162878587115,0.0,0.560117843140432,0,HUN,high
7523.39788740048,52.829891204834,1.87406846206261,102.0,21.5228756768256,82.7,1.03708691596117,4.97734579110731,35.2,47.9626203296662,82.7,1.115272412661859,0.27255257267335786,0.6074914670359204,0.0,4.3517642428957,0,IBD,middle
5826.39109857059,39.3488082885742,1.83590612524276,102.0,20.9847568284108,70.3,1.1238529627833,4.84304079329494,35.2,45.6002933821045,70.3,0.7338303580119989,0.20371325967723916,0.5268363984896081,0.0,4.34846625464438,0,IBT,middle
1485.87854475786,12.7190599441528,0.5772,102.0,3.59334581990031,38.9,2.40485904811302,4.42787371896187,35.2,38.3397460309029,38.9,-0.8093981732119337,-0.542961580806485,0.10870139375177551,0.0,4.30577432199132,0,IDA,middle
2076.03245502265,12.5017795562744,0.239452283528228,102.0,2.93703773248515,44.2,1.19277507152089,4.42715825954522,35.2,44.6159653186572,44.2,-0.8361657162894538,-0.5540524166692736,0.11292727147127307,0.0,4.05581991807422,0,IDB,middle
4367.86266621191,44.8813034886441,0.28068,1397.0,8.7110437578916,72.78075544,1.73855500774354,3.237,34.4,50.1698745725842,0.0,-0.3281489875200967,0.3806595513045041,0.17012952430969067,0.0,5.03034469419038,0,IDN,middle
1171.26544835908,12.8071804046631,0.5772,102.0,4.10574492634911,36.1,3.22577977228334,4.42829541893749,35.2,34.6404426931985,36.1,-0.8486786451974699,-0.562466715880588,0.10287218274944518,,4.54306460750766,0,IDX,middle
86103.3379308107,41.4983277591973,0.5772,102.0,6.86800836378335,80.5054655600831,2.2477804102682404,5.092,35.2,57.1816359992713,0.0,-0.2160494420231863,0.3591250481489836,0.8582871168660487,,-4.16539345213232,0,IMN,high
2396.94999213544,34.4465039692543,0.64558,26267.0,18.5723946411049,70.0,0.694133152879562,4.219,25.5,32.5575625031109,43.61162599231358,0.11425889809335596,1.0255670088024496,0.36910581104163515,0.0,6.49476552383821,0,IND,middle
94474.9879707069,77.5933380126953,1.58829,75.0,53.5184328432158,97.18769836,0.791076186083952,4.632,29.0,77.932823957288,0.0,1.513469172510153,1.060696355496316,0.9740283341627062,,2.59946721553708,0,IRL,high
5834.44296939863,58.6838607788086,0.72665,10210.0,0.814007923197325,85.3404007,0.304914200880697,8.301,35.9,51.674147005512,0.0,-0.03652359445066801,0.5222251309736236,0.27299958865467994,0.0,3.66312056830718,0,IRN,middle
4180.29619477317,15.5580997467041,0.0407,635.0,6.86800836378335,81.47450256,-2.73525447039729,15.485,29.8,65.2954744662424,0.0,-0.6439418762948276,0.11029770072160534,0.29920856745468977,0.0,-1.54525198318304,1,IRQ,middle
59307.1777759714,76.5200729370117,2.64005,34.0,53.9722930663779,98.209198,8.51889361391957,3.625,26.8,78.1494643918603,0.0,1.8530641167834871,0.7915802172890017,0.9259974817488982,,-0.970676468918384,0,ISL,high
41845.1660567523,56.2561111450195,6.34589,1592.0,37.2335173751738,88.18242225,2.73472411141711,3.489,38.3,84.0935245657305,0.0,2.3912491075538673,1.8044214292416034,0.8202729606495536,,0.871968424377442,0,ISR,high
34495.2545799636,75.9496536254883,1.37935,10281.0,12.2827088504022,89.2207202,1.13001784266315,6.391,34.3,70.2267616989263,0.0,0.6008845430411431,1.6973759259109342,0.9066941650567995,,0.692676948440536,0,ITA,high
6096.4327030963,26.2334142821948,0.06096,16.0,2.64698979146794,90.10870361,1.38581813054415,3.286,39.9,68.9286353113298,0.0,-0.5042449060634797,-0.8333894390052607,0.3165646447299858,0.0,-0.535039063867487,1,JAM,middle
4016.83429143296,35.9184001120427,0.69547,25.0,2.08415985427159,95.62244985,3.06387579665258,16.535,33.7,80.7571359278194,0.0,-0.15067023755710293,-0.7569204117879197,0.43729747932031304,0.0,2.48889409603647,0,JOR,middle
37152.5636003552,64.4907608032227,3.44125,222452.0,17.5547415163067,85.54153081,0.401239653950032,2.451,32.3,73.9575933652489,0.0,1.3399047337231729,2.8057042303220356,0.8666081892046184,,0.104309021773304,0,JPN,high
11872.7842626298,52.8612860406142,0.16242,803.0,42.19530029659,93.39167254,0.678943746848058,4.771,29.2,68.7945576301588,26.4306430203071,0.7236431104722808,0.9130087329847237,0.6554126760963952,0.0,4.99999999996936,0,KAZ,middle
1860.02287047776,10.4185962462804,0.81069,160.0,3.15003013612034,34.97622513,0.385110027210407,5.449,38.5,41.7331004461455,0.0,-1.0549690706258779,-0.4180076636565648,0.05608135953299227,0.0,4.72473994710138,0,KEN,middle
1391.68404329929,53.8761747562613,0.05269,83.0,10.6711117431705,92.0286026,4.03548948093475,3.526,27.5,57.7310774891991,26.93808737813065,0.11637737830516187,-0.4451021369863121,0.44865470508138616,,9.04013556120012,0,KGZ,middle
2182.71843902341,21.4437426836662,0.08828,1.0,5.26214140574212,68.47530365,9.48089832015712,0.263,35.2,37.7214984459931,0.0,-0.7458486678303075,-1.256421837770397,0.1440845171938079,0.0,5.97510939607335,0,KHM,middle
2041.87601786956,4.96087980270386,0.5772,102.0,2.29693114054698,89.44029999,2.62220169231084,5.092,24.7,57.1816359992713,45.96036994567597,-0.29150652348555345,-0.562996104433258,0.40242558586117977,0.0,5.26689747917099,0,KIR,middle
21692.2406392872,93.92236328125,0.5772,102.0,34.6026368990477,76.88400269,3.74957950139418,5.092,35.2,57.1816359992713,76.88400269,1.269744468862942,0.5474485540305902,0.6943413919483091,0.0,0.312226855858171,0,KNA,high
37048.4264001496,111.853302001953,4.94352,186245.0,36.2582559366674,97.89563777,0.685857996519477,2.683,32.9,71.5133653919359,0.0,2.7596433005189183,3.034042006983194,0.8581072316461374,,2.00361101838986,0,KOR,high
23867.826500295,51.8967176944636,0.08954,1.0,5.82777648932315,100.0,0.383567812220823,2.181,35.2,73.496713591539,100.0,0.565679679719186,-1.0500982409539663,0.6405695317206608,,-2.56011099967517,0,KWT,high
8638.66600811342,56.6634292602539,0.696712396676236,102.0,13.6400372667198,83.6,2.73979174344952,5.28568569134171,35.2,66.1811113670222,83.6,0.6581014104584146,0.09743974303496733,0.5886651570845722,0.0,1.97324501012739,1,LAC,middle
2721.07810663082,14.8841695785522,0.0371,1.0,7.41963729583454,65.59269714,5.98958863567394,1.187,34.7,23.9881235384869,0.0,-0.8243219526970087,-1.1764368460320067,0.13981568397223298,0.0,4.13019264436937,0,LAO,middle
5834.63415739394,54.4012561547071,0.5772,110.0,2.89591276881506,80.63400269,3.26435467389127,10.985,35.5,76.3636463691127,40.75138826032226,0.10183536733427176,-0.3271358431402391,0.47328946321570114,0.0,-0.760584470257314,1,LBN,middle
665.101337624192,10.838520055325,0.5772,102.0,0.643718596498284,32.23360062,9.86626133953545,2.884,35.3,50.531159632099,0.0,-1.2008246888610146,-0.8863850579184808,0.09201229411730022,,4.02185464964835,0,LBR,low
7696.0807819319,58.543701171875,0.5772,102.0,0.604680774692483,81.95449829,1.80500147243983,18.758,35.2,71.3751590394371,0.0,-0.13499522004326958,-0.5359803140276699,0.39919698261264264,0.0,1.89995052025442,1,LBY,middle
11854.9517233237,15.0396404266357,0.5772,2.0,9.33224017462958,68.20500183,7.32073642166254,9.452,43.7,76.3163034985676,0.0,-0.588269640382847,-0.8216621267064427,0.33676827499309214,0.0,3.89175024218898,0,LCA,middle
8873.03538905768,58.9027099609375,0.682501882174588,8385.0,13.1170868158088,83.7,2.83019279156142,5.45906708114628,35.2,66.81568377692,83.7,0.675402781478077,1.146876880451737,0.5923447831575315,0.0,2.25365117533329,0,LCN,middle
1091.33824852468,11.0492496490478,0.5772,102.0,8.04225673379678,33.7,2.49378572238924,4.66480928166506,35.2,33.3567540780648,33.7,-0.838195971183534,-0.4546229315286816,0.10574071749330863,,3.85645809654653,0,LDC,low
663.92559694882,9.28015041351318,0.5772,600.0,2.11978789576814,23.4,4.7034478710177,5.26006571299697,35.2,29.8602673682513,23.4,-1.1454148737286116,-0.4586206484299377,0.08267036123468886,,2.32616172345091,0,LIC,low
167187.15730982,46.0189590454102,6.00984,102.0,6.86800836378335,98.2641983,-1303.10826691135,5.092,35.2,57.1816359992713,98.2641983,2.355327338883869,0.8252802573517758,0.7630486953585175,,-1.15748291975636,0,LIE,high
4186.4986638365,20.7412633848006,0.10506,266.0,1.53793971540437,54.59,0.769118881748846,4.005,37.7,47.8392733572592,0.0,-0.9739670454004992,-0.355386410258388,0.03268432067231165,0.0,5.00871930957159,0,LKA,middle
2425.46811159982,27.4404697418213,0.517959764163889,42400.0,21.5562823901681,62.9,1.82835761191768,4.30947956350675,35.2,38.6670767807303,62.9,0.10574763867984216,1.1498544592367328,0.30493066851772765,0.0,5.17324978806563,0,LMC,middle
5652.87507726956,38.7901611328125,1.94633533666676,102.0,21.9392282488692,80.5054655600831,1.10723645786206,4.91298327796184,35.2,44.7060365816141,0.0,0.4591585712855062,0.2138974550342842,0.4908985859833046,0.0,4.36075037491024,0,LMY,middle
991.069661910744,9.93844298033582,0.09453,1.0,0.0895832496967832,51.79660034,-0.5534084172031,16.315,44.9,36.0864752457691,0.0,-1.1483244569957778,-1.6787853970109006,0.08900126962807534,,2.85452253179545,0,LSO,low
11914.0272194525,69.3638916015625,2.08942406944005,102.0,28.1050615003093,80.5054655600831,0.803155160614853,4.49842503652739,35.2,51.6959544549845,0.0,0.9346387586184332,0.46638783003002166,0.6857805797117852,0.0,4.48755005392181,0,LTE,middle
19092.6451176955,75.6177368164062,1.04977,81.0,17.3245506640985,89.16116293,5.53816765536591,6.731,36.0,69.435273271226,0.0,0.5767399751254865,0.3089970960559364,0.7654369452587189,0.0,2.77263124530285,0,LTU,high
104147.1739928,22.4103698730469,1.07045,112.0,5.0736120319212,99.12902211,113.622225285264,6.343,33.6,91.4778095399598,99.12902211,0.5377952423361678,0.39317014758633806,0.8541945169640962,,0.35861253942069,0,LUX,high
16374.773539624,82.917350769043,0.8236,104.0,17.4901914812882,92.70757011,3.46583040049498,6.568,34.0,71.5002159943841,0.0,0.625312965299605,0.32015138212890454,0.7343600979124536,0.0,-0.0461080109713521,0,LVA,high
63377.2932129214,141.864795918367,0.31097,2.0,0.0,89.82640076,3.82364491952989,2.347,35.2,88.6334455776545,0.0,0.7293922656557479,-1.4576746484864433,0.8072649226198736,,7.84960207010525,0,MAC,high
6730.26828824205,41.4983277591973,0.5772,102.0,6.86800836378335,80.5054655600831,2.2477804102682404,5.092,35.2,57.1816359992713,0.0,-0.2160494420231863,-0.13291637255944072,0.22777101063958938,,4.89999967133534,0,MAF,
3516.15405273438,48.1839617510572,0.66036,254.0,5.43070567261144,91.2,1.02047789871899,9.0,39.5,48.2745559288651,0.0,-0.023667392460067393,-0.10470219999046967,0.222089914207586,0.0,3.79336515978963,0,MAR,middle
247170.219910657,77.4806900024414,0.03821,5.0,6.86800836378335,99.04489899,2.2477804102682404,5.092,35.2,57.1816359992713,68.89262199561034,0.6306290148654254,-0.46649354633346934,0.9208679390577739,,8.51053758860212,0,MCO,high
3851.51202518347,74.7109378669046,0.21589,64.0,2.92514721596985,77.3687973,2.51844626798863,1.505,26.8,36.9441386019795,0.0,-0.09055871078373584,-0.5544999071952111,0.3630885350699667,0.0,0.103059364371205,1,MDA,middle
453.383067004772,6.1466638463036,0.01275,6.0,0.958835172179217,18.67790031,3.47985819890072,3.041,36.8,20.8882641065098,0.0,-1.5768422345279103,-1.3949299067142582,0.06936607437105075,,4.19999999988647,0,MDG,low
11798.791369146,48.4968654322788,0.5772,102.0,0.0022705678515537,85.23999786,11.416720004027,4.514,29.3,71.7657917507932,0.0,-0.21309422411811998,-0.6070269223362679,0.5185961460815246,0.0,3.49440422654285,0,MDV,middle
5466.08902649321,29.6833095550537,1.32901982491162,17557.0,8.58757800098424,63.7,3.81341246026811,7.79483882954434,35.2,51.5948725308762,63.7,0.14549860948110777,1.1081321988010544,0.3727064637474237,0.0,2.11232485351741,0,MEA,middle
10316.4611902215,48.203441619873,0.25372,1117.0,19.3037596613987,83.12233799,2.44966474077028,2.673,42.6,64.0792516022262,0.0,0.007800226348744249,0.7550664458789292,0.43593316094981754,0.0,1.42742769080466,1,MEX,middle
5811.03355673487,37.6853055916775,0.5772,102.0,6.86800836378335,65.915802,4.60476895318283,5.092,35.5,57.1816359992713,42.37922739791937,-0.15894452559905603,-0.16126228220307381,0.2488147473775039,0.0,2.50192717852873,0,MHL,middle
6177.02279223057,43.2768402099609,1.9525754024907,102.0,22.0193342881228,80.5054655600831,1.07706320946648,4.88571220068297,35.2,45.8679126135992,0.0,0.5093700986331632,0.23618220069587398,0.5169058964937879,0.0,4.38303528532211,0,MIC,middle
6628.84686594032,55.0082015991211,0.37363,42.0,6.3599119716616,93.1,6.23445070666485,12.256,33.5,60.8712604359926,93.1,0.5752678925735194,-0.37924955992956294,0.4916996250873302,0.0,2.99373536567732,0,MKD,middle
909.755317910813,5.12750941173932,0.14743,102.0,5.3606547607953,36.80149841,3.43740692659041,2.831,35.7,28.3964232086821,0.0,-1.2580033168598486,-0.6036035748892931,0.06958683097598213,,4.99226917482922,0,MLI,low
34670.0815997119,80.5250091552734,0.64792,5.0,45.179167089137,93.86029816,170.537958922807,2.896,31.8,81.3861453233266,0.0,1.0591698464105364,-0.03409884443313409,0.7339122423804001,0.0,6.79990300224401,0,MLT,high
1158.47928099316,20.3723297119141,0.02307,102.0,5.19991999790977,45.4477005,1.47879223317634,3.047,30.7,36.8856128126541,0.0,-1.0420905491964514,-0.5806842551686925,0.10521234598238036,0.0,-0.97204641363362,1,MMR,middle
3023.05283337065,41.4983277591973,0.538755837378145,102.0,2.7534454080497,0.0,2.34674901557747,8.69378066221379,35.2,47.7946520801708,0.0,-1.2237882714264232,-0.4699526726324427,0.137580593576641,0.0,2.22259348944316,0,MNA,middle
8540.00828913129,55.1743011474609,0.36328,5.0,14.4622662813729,88.88258428,7.24824965709432,13.572,34.3,77.5793384016688,0.0,0.09247874477695325,-0.6063714936415743,0.49882993298434797,0.0,3.16409886329913,0,MNE,middle
4626.79609644243,69.044059753418,0.08365,109.0,22.5365545669935,85.12349701,11.6924984371367,5.233,31.4,49.9059178481407,0.0,0.2523160312483313,0.028526094254957945,0.4251312925085239,0.0,5.12204539122661,0,MNG,middle
19461.8611129744,41.4983277591973,0.5772,102.0,6.86800836378335,80.5054655600831,2.2477804102682404,5.092,35.2,57.1816359992713,0.0,-0.2160494420231863,0.07205186911702577,0.4344477824540268,,16.6427546628408,0,MNP,high
605.604720848519,7.4630510423433,0.30814,30.0,3.6302648420799,20.52729988,15.4256916399298,6.628,49.6,20.5539713948222,0.0,-1.4006584995734384,-0.9255128012173035,0.09038487826381782,,2.14854964610538,0,MOZ,low
1688.6139322919,5.97194330025359,0.01019,102.0,9.44834081238425,45.77939987,13.2039338372346,10.319,32.0,52.8346574833529,0.0,-1.1156871182833852,-0.3985967365711655,0.08478436862104409,0.0,6.30760213290844,0,MRT,middle
11934.770909957,45.7771156388358,0.26181,6.0,1.21703538647261,73.30793533,4.56073459342588,5.635,36.8,74.6679068151951,0.0,-0.4553228078205398,-1.086175484579137,0.3871568517181353,0.0,4.92512304864294,0,MUS,middle
551.95152347056,2.70813684546823,0.17752,3.0,1.64552794448662,18.96159935,2.27963607830505,5.072,38.5,27.6789722316402,0.0,-1.5451977301866182,-1.3988996261038382,0.04933552507222879,,1.6734340852915,0,MWI,low
11883.79127749,38.5013945445142,1.0121,883.0,58.6276748543331,98.0206059,3.6930953933026,3.764,40.7,64.8618460303923,0.0,1.0269934524158437,1.124974300724919,0.6222276363277074,0.0,5.10545921024041,0,MYS,middle
63990.5959352171,79.0441970825195,3.32644050404442,274038.0,22.911841443645,95.6,1.16188454203834,4.51095574626817,35.2,79.6285626729315,95.6,2.300793209355218,3.185512157438426,0.9285606015797635,,2.69993075266272,0,NAC,high
4034.35053463284,26.1092654658031,0.64636,8.0,0.117288080576373,64.87460327,14.4696554951116,19.291,59.1,61.1148788443866,0.0,-0.6558740703904039,-1.2475039618759163,0.2757348020946756,0.0,3.71154502416731,0,NAM,middle
30858.7237060533,41.4983277591973,0.5772,102.0,5.267295899888,82.0058408035186,8.48945728851914,11.174,35.2,77.5702935032022,0.0,-0.22784230694925314,0.09014509800367479,0.6189754878047156,,-13.5,0,NCL,high
595.151744559316,4.15170730347346,0.5772,102.0,8.61766309210248,15.55760002,1.80157547660986,0.394,32.9,17.7370462985117,0.0,-1.3171205513191349,-0.5621827303036173,0.15059029768908527,,10.3000000007793,0,NER,low
2324.64881202751,9.74153350922586,0.28444,410.0,2.71167186435579,41.21139908,0.428249682662515,3.064,33.9,49.4564057132697,0.0,-1.1640070174375468,-0.2606687909672368,0.08812112001631175,0.0,4.06236408888319,0,NGA,middle
2290.47162505995,30.3635101318359,0.10742,1.0,0.596452227371355,61.39550018,6.86656428120852,5.04,46.2,52.6494477494836,0.0,-0.8122147569739634,-1.5690743135927059,0.12001322862158563,0.0,3.5878302292345,0,NIC,middle
51178.5256968147,86.5938262939453,2.26719,2080.0,23.4680052763745,97.00679779,-1.40403571808501,3.874,25.7,84.5396712399754,0.0,1.2766709455987373,1.6382482267094216,0.9470824628146547,,1.08100584845663,0,NLD,high
79667.5272314776,95.4987564086914,1.85142,946.0,25.4139359384172,99.0,2.50917917104619,4.637,26.5,79.6640127716935,0.0,1.2959176194807993,1.5426723344327193,0.9999999999410647,,2.09723059960317,0,NOR,high
1179.81272768386,21.2915596292014,0.30221,20.0,0.617520704475872,46.32189941,0.132590416512966,10.465,30.0,45.8085364628854,0.0,-1.01764064238086,-1.128617625983948,0.09354229110553353,,3.66537430744967,0,NPL,middle
8570.95582950675,41.4983277591973,0.5772,102.0,6.86800836378335,83.01170349,-3.59566562291604,5.092,32.4,57.1816359992713,83.01170349,0.32939902031593205,-0.08625029299801129,0.4999148243882379,0.0,1.38888888888904,1,NRU,middle
42408.2378731636,77.2406463623047,1.54848,330.0,12.9670750449435,93.51930237,0.676410624636643,5.076,35.2,74.6438838430131,0.0,0.7217932605596293,0.8312639518036984,0.9465875626275474,,1.28862004711685,0,NZL,high
40461.3496678975,78.6357879638672,2.92916270172344,102.0,22.3506357647359,80.5054655600831,1.08459526909667,4.92579055790538,35.2,74.0371525211173,0.0,1.191447903390586,0.7437176379690053,0.9145647050508803,,1.80676868744605,0,OED,high
17347.2911339051,42.226921081543,0.38979,30.0,5.00539346096146,95.25174678,11.6351181523148,3.251,35.2,54.6167366130906,0.0,-0.132431013005259,-0.36212942838234147,0.44838697232534386,,1.63163221127449,0,OMN,high
12597.7224556377,22.5716896057129,1.36645544626259,102.0,23.639789353007,80.5054655600831,-2.74967868768225,8.59167767443203,35.2,68.7017188624589,0.0,0.13830746119984494,0.38522808573695605,0.5808019052642179,0.0,2.8832579743179,0,OSS,middle
1634.56735260799,10.8564126844434,0.16399,426.0,2.43815248015808,57.253,0.7166886452434,5.42,33.5,38.514965787622,0.0,-1.0116535933589612,-0.3554919698484398,0.044917703040660735,0.0,3.04898287335465,0,PAK,middle
17122.720655567,53.6949637061742,0.19708,35.0,1.7673082163249,72.77149963,3.74510335231647,8.36,49.7,66.9520127272771,0.0,-0.3892619617032824,-0.5807733407381852,0.3549583232241894,0.0,2.74788545546916,0,PAN,high
6711.19403272527,71.2404708862305,0.17611,94.0,5.21372377596414,81.95705992,2.35092628744149,5.117,40.1,60.0786745440895,0.0,-0.04534325968129033,-0.26369311057178374,0.341870575550779,0.0,3.30394098171516,0,PER,middle
3925.3048697218,47.4134996154186,0.27625,490.0,60.975307025875,67.26300914,2.03595540906242,2.235,39.3,59.5480051595847,0.0,0.5786639186554878,0.585906250970986,0.5105744151132724,0.0,5.69201612823412,0,PHL,middle
13128.1314312511,71.8428437792329,0.5772,102.0,51.6836869301107,83.92549896,28.8707822649542,5.092,35.2,57.1816359992713,59.92346042480823,1.3234732690771702,0.539689571628081,0.6451256248765503,1.0,2.21599800170485,0,PLW,middle
2564.73748186493,41.4983277591973,0.03158,1.0,10.2480784684723,18.81159973,-0.6236311790975,2.571,41.9,55.2660602935947,0.0,-1.0325841901328345,-1.1135993887094722,0.1536439857501581,0.0,3.79979560086888,0,PNG,middle
18000.5034591285,80.9149627685547,1.55525,3377.0,13.5099699026858,88.58496367,2.24523191798779,2.976,28.5,63.7521015412052,0.0,0.7178567437549551,1.2290738977624318,0.761804991781017,0.0,3.02841630700273,0,POL,high
1440.28390969245,8.72068023681641,0.5772,102.0,6.86800836378335,80.5054655600831,1.53808800126193,4.54137517937725,35.2,37.6368789080897,0.0,-0.5579407021854899,-0.4304484506053558,0.13303379136789314,0.0,3.31272809044805,0,PRE,middle
30971.2620550191,77.9263575380698,0.42882,102.0,6.86800836378335,87.29178106,2.2477804102682404,5.991,35.2,84.1413773187735,0.0,0.19488587751583944,0.14248661053635067,0.7448883025089392,,3.17707554784896,0,PRI,high
22647.3791895579,77.6778182983398,1.69491,711.0,6.77343918950435,88.48704454,4.30503475485494,6.164,33.9,72.6728676887903,0.0,0.603064042052793,0.7103460246223239,0.7994212344753306,,2.13967177177636,0,PRT,high
6640.83816613117,37.6179261040957,0.14117,10.0,10.5004049492786,81.57806793,2.46843780233781,4.803,44.2,65.0838345545717,0.0,-0.3157889963541466,-0.6078001454873662,0.29941069543813853,0.0,4.24996010464072,0,PRY,middle
2072.09019517685,44.4904623709098,0.45434,102.0,1.84344953927492,86.63765334,1.18281329825606,24.42,36.4,63.7764456981664,0.0,-0.24423463649764232,-0.6062881418186291,0.3380428414665014,0.0,-26.5575264529877,1,PSE,middle
3921.37323131971,29.3007507324219,0.5772,102.0,6.86800836378335,80.5054655600831,2.68484327217168,3.51831083728422,35.2,50.5740774786474,0.0,-0.3432777605827634,-0.2371754659324559,0.17553973933631825,0.0,3.39271983855302,0,PSS,middle
46567.2575677716,80.2341079711914,3.02091743107871,102.0,25.6528987579653,80.5054655600831,1.46532964544321,4.69671542934052,35.2,76.7307614585124,0.0,1.296735392035305,0.8254185973474619,0.9334073793260838,,1.79546895973735,0,PST,high
20846.6514059991,41.4983277591973,0.5772,102.0,1.92522086808869,72.7038953132942,-0.219284661446365,11.662,35.2,83.7482756355515,0.0,-0.3947487680050053,-0.21135135003583858,0.5176051746103064,,1.12638897730247,0,PYF,high
62157.3751791848,43.0178909301758,0.68058,47.0,2.80655334313522,98.08540344,0.209965001654649,0.13,35.1,60.35965499607,0.0,-0.04003393626412278,-0.15452675732727345,0.8135909542484471,,2.35970586926597,0,QAT,high
12459.9112061891,55.1682891845703,0.51656,772.0,13.4497511493721,91.29048551,1.87134949618788,5.992,29.8,56.4832124177493,0.0,0.15044272894709335,0.6532691529682487,0.5376500201871214,0.0,0.916003764382594,1,ROU,middle
11043.259765625,60.3891235376867,0.93706,19569.0,9.72984772707015,94.36495368,-0.430126781944773,2.133,33.0,69.0585484649102,0.0,0.3189462401064743,1.3744651768248208,0.6563746164438865,0.0,4.34437475491529,0,RUS,middle
1070.45003770926,9.41173924647801,0.78149,14.0,4.78472979585672,31.70330048,4.02009319742237,11.363,39.4,46.5412225721368,0.0,-1.0826411940348044,-0.8909929274244944,0.06276955787567551,,8.89065529573114,0,RWA,low
2355.24832417956,32.7833213806152,0.629398082132028,23872.0,18.0589039340453,67.8,0.66627173734269,4.24316978447462,35.2,33.4493244173949,67.8,0.20616756989571464,0.9918658328475543,0.31703811601248616,0.0,6.23259967615652,0,SAS,middle
24963.3322139095,83.884129573915,0.63522,1398.0,0.544002126713625,100.0,1.72104243015611,3.038,35.2,74.4304575440061,0.0,0.3539236508035908,0.3267297229435365,0.7048616777469553,,1.99650173436159,0,SAU,high
578.38916015625,15.8645696640015,0.225,153.0,2.20240348221045,18.60000038,1.37399372870934,7.53,34.2,46.2442434159355,0.0,-1.3869807498513183,-0.7415854036794833,0.05628478350666255,0.0,-13.9643375197179,0,SDN,low
1511.89280670234,15.3302400879779,0.5772,102.0,3.0439766592332,60.11780167,6.1461393599949,2.735,36.2,47.9248738621857,0.0,-0.7914757248607991,-0.5680138877822543,0.0793917692671654,0.0,6.06055141198976,0,SEN,middle
67706.8336149739,97.2886546863037,1.80821,2024.0,59.429782938503,94.37757178,24.676735941018,2.818,35.2,85.906755500253,0.0,1.8643325121320058,1.991347591443409,0.9163873151442576,,4.38802362461865,0,SGP,high
1806.38367324387,41.4983277591973,0.5772,102.0,1.35922325473902,29.04070091,2.08128126058924,1.431,37.1,49.9547595242512,0.0,-0.9046137851976686,-0.659099197249388,0.14261293693678717,0.0,2.99755987604104,0,SLB,middle
1137.29005673054,1.98783004283905,0.5772,102.0,0.736114020377876,25.10499954,1.7469962843978,3.15,35.7,44.0369486705191,0.0,-1.3730416156527498,-0.7966354416472304,0.09028190134204313,,4.29322336690163,0,SLE,middle
4585.22599757795,32.8347079463918,0.10152,2.0,5.47333119441725,66.47769928,2.61241857793703,3.303,39.8,63.0108282742462,0.0,-0.6419043007759184,-1.1000949382078113,0.16925770792721279,0.0,2.60202016121069,0,SLV,middle
51323.7972635865,57.5487465181059,0.5772,7.0,6.86800836378335,97.35220337,-0.893347982047045,5.092,35.2,57.1816359992713,63.06328831452648,0.5366544660669735,-0.4718935044278481,0.8189445343024553,,0.401934896977224,0,SMR,high
467.269910194415,41.4983277591973,0.5772,102.0,6.86800836378335,27.94020081,6.39257959388318,18.948,35.2,52.2194392045983,0.0,-0.8175377093347302,-0.647482270462209,0.1885941227216691,,4.11139335779471,0,SOM,low
8580.26105823259,70.582649230957,0.93978,138.0,4.54619756956742,87.69071294,6.20170332537196,7.123,32.8,54.9047279856067,0.0,0.24163556148932275,-0.07459575108974066,0.47837543777844144,0.0,3.94992622592932,0,SRB,middle
1668.197792687,9.27089023590088,0.449511761428983,102.0,6.10666457026342,36.5,2.20339508836362,5.93967607931729,35.2,39.1258044491768,36.5,-0.88247023636961,-0.4366794457169933,0.08762877594305402,0.0,3.36470475625489,0,SSA,middle
1080.14718624765,41.4983277591973,0.5772,102.0,6.86800836378335,6.671000004,0.0012502291294692,12.374,44.0,34.5674763692935,0.0,-1.0609146770096052,-0.4859521553784701,0.11330090214750767,,-10.7933646271143,0,SSD,low
1589.32982537075,9.27116012573242,0.442468713514622,1834.0,6.0701465341133,35.7,2.25032890254869,5.65798225644767,35.2,38.4951015257407,35.7,-0.8982008305860869,0.11247781622862309,0.08746846928038501,0.0,3.59733324708962,0,SSF,middle
12776.0630940034,22.8753509521484,0.853701922172335,102.0,22.5696838064103,0.0,1.43652749590238,7.75664307665696,35.2,66.935223624279,0.0,-0.9604155395795365,0.3323633154605428,0.3231970039482656,0.0,6.12150935431907,0,SST,middle
1368.14347554019,12.8210802078247,0.5772,102.0,29.2734328924522,59.11759949,-2.02904327860989,9.132,40.7,65.4241967871486,0.0,-0.35453131092534507,-0.14696383790055065,0.2879503321415231,0.0,1.09999940100751,1,STP,middle
7246.2576795921,2.56642457392281,0.5772,102.0,10.3729916697731,87.4,-0.850285319023894,7.834,39.2,66.9213955372514,0.0,-0.4798267770192517,-0.019923178720646726,0.30725476051582307,0.0,1.72095737011739,1,SUR,middle
19776.1758069498,54.4743194580078,1.03359,146.0,10.5935553645599,89.82507032,3.55503662060591,5.359,23.8,63.3086886994208,0.0,0.23697319393364932,0.3309630194656957,0.6634306836163107,0.0,1.93867445549446,0,SVK,high
26134.627203987,80.0806884765625,2.13385,222.0,8.34338034336379,90.76355487,2.5587649173879,3.175,24.7,64.3742586208093,0.0,0.8203261963905486,0.5205239558275253,0.7857271035597738,,1.73139722479493,0,SVN,high
54209.9474264877,83.9988098144531,3.59978,1771.0,17.6524551082203,95.76629783,4.47808450970011,8.694,29.3,81.4112121058729,95.76629783,2.1454113827969485,1.5915270000743582,0.9049925293762828,,0.820071806703865,0,SWE,high
3864.20550510839,6.43545771863543,0.27807,102.0,0.285307158606886,63.40309906,1.55448906259813,34.202,54.6,58.7199520290647,0.0,-0.9906894999604386,-0.7239372203811174,0.2791375577269373,0.0,2.97391075973985,0,SWZ,middle
34840.1808966872,7.65284309533989,0.5772,102.0,6.86800836378335,80.5054655600831,2.06435549473904,5.092,35.2,57.1816359992713,0.0,-0.569078908052712,0.18446248839051688,0.5056137831059547,,3.00000000000014,0,SXM,high
16586.4074964781,14.5342502593994,0.2017,3.0,0.0899054165105232,87.81800079,10.4342001858715,5.092,32.1,57.1816359992713,31.70403251488429,-0.4571125925240582,-1.4203376854808447,0.37301550928319627,0.0,3.46568066415341,0,SYC,high
712.272278200037,43.7606582641602,0.04217,102.0,1.38292716055376,33.77000046,1.19065657189387,13.569,26.4,58.5022194902612,0.0,-0.9948102509345385,-0.8541419135708396,0.22073085909808304,0.0,0.732781301861365,0,SYR,low
57179.29601876,25.2537080405933,0.5772,102.0,2.19852999029956,80.5054655600831,2.5209301366237,5.092,35.2,57.1816359992713,0.0,-0.46997437674842446,-0.01717107001493346,0.7065097952338688,,5.63682517443362,0,TCA,high
849.707321000625,4.39665967267065,0.23294,102.0,6.86800836378335,12.62689972,5.2230945466515,1.057,37.4,19.7618957733346,0.0,-1.488072618145157,-0.5635311500574446,0.10682468557411558,,4.19925854085865,0,TCD,low
10242.3676287334,62.1942710876465,2.47590303547195,102.0,28.0181564947106,88.9,0.503187348651075,3.92368997709517,35.2,47.3778957359867,88.9,1.6293650222563962,0.4490053230266073,0.6799869248128233,0.0,4.96151507087535,0,TEA,middle
10447.7265615175,88.6189193725586,0.992713392569438,102.0,12.0816366965877,90.8,1.05681323811387,4.61967413491655,35.2,62.1101308380838,90.8,1.1835628043022444,0.13460091012814782,0.6511059298146777,0.0,3.80534822218803,0,TEC,middle
931.029965529857,14.9029897765252,0.22229,102.0,0.681948279595617,39.48320007,0.786342441379874,1.995,37.9,44.2472358206748,0.0,-1.1864499625158489,-0.8654995986600329,0.06217811464486372,,6.53204505563791,0,TGO,low
6574.46109387985,49.0776442074561,0.93628,867.0,28.3057768762254,90.86718789,2.71636831286516,0.781,33.3,49.2059648636357,24.53882210372805,0.6357445670199126,0.739403523670383,0.5757285048045472,0.0,2.54182067735289,0,THA,middle
1496.33813395037,35.6398418742497,0.08969,1.0,15.2077910112936,55.79339981,2.05083616601343,6.931,36.1,39.071884534804,0.0,-0.5625024436029158,-1.0749852997613636,0.03422853575953594,0.0,8.39999980983981,0,TJK,middle
8231.49544263659,20.4250351701637,0.09,102.0,6.86800836378335,17.99029922,3.2007384018073,4.267,35.2,49.5001690684825,0.0,-1.3044887694754268,-0.15682108396405073,0.12123968845938311,0.0,6.2994265836889,0,TKM,middle
8746.2934214582,59.0615386962891,0.682501882174588,102.0,13.1638876701563,83.9,2.83299893635431,5.50985450118759,35.2,66.7232033023266,83.9,0.6753296299415873,0.08959183695577738,0.5917820644353983,0.0,2.2781470509277,0,TLA,middle
1149.21888298011,30.9611108169641,0.5772,102.0,1.52605032155587,35.04199982,12.0853687045097,1.592,28.7,50.1772559153265,0.0,-0.9428341336459061,-0.7154135742857501,0.20766622344327693,0.0,-9.10069369772735,1,TLS,middle
3029.88305321206,41.4983277591973,0.538755837378145,102.0,2.76625579603697,60.2,2.35451754569171,8.69378066221379,35.2,47.7946520801708,60.2,-0.15994497447229522,-0.46874502445080696,0.22870933285003744,0.0,2.41973722378488,0,TMN,middle
4680.29974543195,42.8611738148984,0.5772,102.0,28.4602948799521,67.4417038,0.44357392332268,2.008,27.1,53.0482808848967,0.0,0.03934388414459163,0.13337560517352487,0.4669946550940052,0.0,2.79014366862668,0,TON,middle
2355.24832417956,32.7833213806152,0.629398082132028,102.0,18.0589039340453,67.8,0.666271737342691,4.24316978447462,35.2,33.4493244173949,67.8,0.18863298153339,-0.1236716910004848,0.3178313977982053,0.0,6.23259967615652,0,TSA,middle
1589.32982537075,9.27116012573242,0.442468713514622,102.0,6.0701465341133,35.2,2.25032890254869,5.65798225644767,35.2,38.4951015257407,35.2,-0.908312470337783,-0.4476194218841153,0.08673389987448706,0.0,3.59733324708967,0,TSS,middle
16312.4849555716,23.8493010569383,0.05039,2.0,0.223696636088891,82.15989685,-1.76782828873977,3.329,35.2,71.3244357607712,0.0,-0.667248371100489,-1.4853991144735825,0.39750561620151714,0.0,2.50920813979569,0,TTO,high
4006.20588267443,38.1219482421875,0.74658,180.0,7.70110744284105,76.5,1.4797736580075,15.108,33.7,54.2620289656687,0.0,-0.22867720068560274,-0.0685424600561532,0.26452905394089826,0.0,1.61444564976986,1,TUN,middle
15395.0278894893,105.88606262207,1.42224,8234.0,5.13775956987065,89.77024003,0.860701598247461,8.52,43.7,58.4894545483468,89.77024003,1.360985232625043,1.1470299559830242,0.6096582179724508,0.0,3.3276230893799,0,TUR,high
4773.34085526672,19.3509615384615,0.5772,102.0,6.86800836378335,35.20000076,0.267002517757908,5.092,39.1,57.1816359992713,9.67548076923075,-0.9052443579864037,-0.19923002830793626,0.09930388156706287,0.0,3.85280919517032,0,TUV,middle
1120.77416992188,4.01880979537964,0.51456,1.0,3.00569275084221,31.16209984,2.17843632795407,1.572,40.5,27.3246630727964,0.0,-1.2612680881121399,-1.3573713470917652,0.09286762753412806,,5.5263138305945,0,TZA,low
986.090145363924,4.61899995803833,0.4383,14.0,1.91593833437355,8.949831061,6.04170465829259,2.746,42.7,27.8501794525323,0.0,-1.5528769509577716,-1.0722867518544357,0.08991207223833282,,6.05558075875589,0,UGA,low
2219.04248046875,87.1920013427734,0.36988,1302.0,6.37028789775054,82.47489929,2.1065185105382,9.834,25.6,60.6651539753775,33.38254658267797,0.4175651636483869,0.13315057353711704,0.5003351385826136,0.0,2.9138222142611,0,UKR,middle
10332.0594464473,64.5994720458984,2.03350874454129,1391200.0,22.612282824438,88.8,0.884040730318081,5.42133730167977,35.2,52.6399892432513,88.8,2.4418680971755142,2.6891795537934127,0.5551301874457307,0.0,4.17952127549748,0,UMC,middle
18958.6033293537,79.9536903496537,0.70196,23.0,9.84178975855216,91.99109007,-4.86239476784597,7.516,40.0,73.1514842368313,0.0,0.4094896245154423,-0.2021881514559818,0.6497124847615068,0.0,3.10825478066172,0,URY,high
66356.1706750101,79.361930847168,3.44716,262244.0,24.322982844202,94.69380188,1.03321085618604,4.198,41.8,79.5627787515985,0.0,1.7534157932642338,3.214045336259848,0.9231127563091664,,2.79300127716779,0,USA,high
3890.41593075015,59.8086982926392,0.10416,413.0,1.73386305963966,89.50550079,2.5972703195852,4.622,32.7,50.1906943451481,29.9043491463196,0.02259074613981672,-0.2543317312350493,0.3350460815694172,0.0,6.49999999997677,0,UZB,middle
9485.18771201686,41.4983277591973,0.1139,102.0,4.93442861881868,76.19010162,12.0060314102276,18.003,35.2,69.7907911773391,0.0,-0.4461825611242852,-0.20457054876655148,0.33596062392236986,0.0,4.06183490050209,0,VCT,middle
1501.02277449885,78.2699203491211,0.33713,96.0,6.86800836378335,76.67890167,1.36272366359347,5.307,44.7,74.3732817797608,0.0,0.04817627140110797,-0.45682093942677726,0.40625719758162904,1.0,5.29999999999984,0,VEN,middle
36983.431060272,41.4983277591973,0.02717,102.0,6.86800836378335,64.3774942980087,2.2477804102682404,11.443,35.2,81.8619772425004,0.0,-0.5736551829866138,0.11098916855363346,0.5683810091174112,,-1.31123206333498,0,VIR,high
4017.74604111554,37.5923642016718,0.41456,1066.0,44.256885251682,84.15,4.23394171325231,1.523,36.1,40.1305077279733,0.0,0.41091672560677367,0.7000678426704007,0.4430195806326516,0.0,7.09118746633975,0,VNM,middle
2697.09183254533,4.87792015075684,0.5772,102.0,6.86800836378335,22.35140038,2.58164239501493,5.073,32.3,45.4272811284895,0.0,-1.2634622845216195,-0.3094049859135116,0.11873260439716164,0.0,0.942185362275907,1,VUT,middle
11851.505171614,43.6151390075684,2.59056888571504,2385200.0,24.758870073466,73.6,1.32595274334775,4.79097241077406,35.2,50.5581384091108,73.6,2.9017943238915174,2.9441420881308367,0.5123316434191639,0.0,2.87194964204316,0,WLD,middle
4880.54418032056,16.0263900756836,0.5772,1.0,76.6700641079328,21.20000076,0.318181346491415,4.996,38.7,57.1816359992713,0.0,0.10248079765961732,-0.4917833179757043,0.4511081169348049,0.0,4.74838445564714,0,WSM,middle
5631.68223392136,41.4983277591973,0.5772,102.0,6.86800836378335,89.4430319734879,7.67877491657097,5.092,38.3,57.1816359992713,0.0,-0.11377959973209024,-0.1673133451917342,0.27494392360422537,0.0,4.5730971681166,0,XKX,middle
1079.32938366255,8.80690002441406,0.5772,20.0,4.82928415383478,17.49099922,-1.30563839823089,17.322,36.7,57.254720049211,0.0,-1.3150431677776309,-0.8422899354197251,0.15463417215605607,0.0,0.752447592962554,0,YEM,low
5715.47531469148,23.493768799339,0.61479,1804.0,5.70923344153222,78.35759735,0.580891709673066,32.391,54.1,73.833224386876,0.0,-0.4363083261093674,0.45136573185346623,0.347957925423664,0.0,0.534843531905139,1,ZAF,middle
1343.38966380353,3.96159738763825,0.27819,13.0,1.4719428559393,17.10099983,9.32437789659637,5.918,51.5,35.1915560379026,0.0,-1.5248726409129216,-1.1031407279302547,0.1084288658694418,0.0,3.82004825518591,0,ZMB,middle
1417.71894115853,7.74912957845971,0.5772,8.0,2.79801736625087,41.64279938,1.12046122708248,9.293,50.3,34.1608804151819,0.0,-1.0864746404126517,-1.0595487824319474,0.11130128316206207,0.0,1.74239524880791,1,ZWE,middle
