economy,year,fdi_inflows,rd_spending,patent_apps,internet_users,gdp_growth,gdp_per_capita,tertiary_enrollment,gini,services_emp,unemployment,high_tech_exp,arm_trapped,income_level,ai_readiness
ABW,2024,2.42051208397071,,1.0,97.17,6.81077669324542,33373.9174591266,14.0655418559377,,,,6.86800836378335,,high,7.03277092796885
AFE,2025,2.15814407842415,0.586779084367876,,30.4,2.76383869054277,1435.35627774336,8.66186046600342,,34.6968130103833,7.53923442390472,5.84676186051693,0.0,middle,30.4
AFG,2025,0.144466946606861,,,16.09499931,2.26694373649188,378.06630312259,10.85435962677,,29.4719178364586,13.351,0.0,,low,0.0
AFW,2025,2.39840367592386,0.27753675622014,,42.4,4.5856736208091,1816.34604380299,10.1902599334717,,43.2531195385582,3.19055229252225,3.14322306755451,0.0,middle,42.4
AGO,2025,-1.0986881170909,0.03229,2.0,40.70479965,4.42390664406875,2845.47779302975,9.9549065722902,51.3,40.8514654803696,14.108,16.6897206933082,0.0,middle,0.0
ALB,2025,6.32349466068578,0.19997,23.0,85.86389923,4.04592845095348,6549.23387415397,84.1496200561523,29.4,47.2443938528146,10.926,1.52935344981595,0.0,middle,0.0
AND,2024,6.64266743694098,0.15818,3.0,94.39759827,3.37182032638998,41034.5266723078,67.6767676767677,,,,21.4346319155008,,high,64.11799105419192
ARB,2025,3.63591508558193,0.677204976660046,,,1.70353102787844,6282.0327428409,35.0803985595703,,60.0880075341387,9.22073083160848,4.96255409646317,0.0,middle,0.0
ARE,2025,8.26261712974626,1.49469,69.0,100.0,3.99180705485398,41605.4168670844,63.7384451086316,26.4,67.9677172675509,2.174,8.96029397394575,,high,0.0
ARG,2025,1.82409522925391,0.60111,406.0,89.66715228,-1.34293072157739,12774.3506596628,107.822574129434,42.4,71.8147392248427,7.145,3.85019697474113,0.0,middle,0.0
ARM,2025,0.506878336560983,0.2861,40.0,81.33930206,5.90000000046228,5378.31799981682,52.7748065090859,27.4,51.7297438371184,12.871,23.6403270515259,0.0,middle,0.0
ASM,2022,,0.39552,,,1.73501577287065,13709.0974895473,,,,,,1.0,middle,0.0
ATG,2024,11.1314252318887,,5.0,72.73040009,3.65638765956977,18350.185036972,25.1156271899089,,,,0.0,,high,36.365200045
AUS,2025,3.03883928325354,1.85783,2966.0,96.13140106,1.37340773365975,61480.670710531,108.421989440918,33.8,78.5307299266158,4.09,25.1586416457084,,high,0.0
AUT,2025,2.55351579610657,3.25517,1872.0,91.92573373,-0.659089573171372,45958.8250071261,92.6126708984375,31.2,72.5860340795189,5.582,18.4525766859019,,high,91.92573373
AZE,2025,0.311206693209432,0.20778,119.0,90.80000181,4.07140205008956,5871.14373251952,41.3413783372226,26.6,50.2379526950328,5.457,2.91095088102775,0.0,middle,90.80000181
BDI,2025,1.08105925624791,0.21312,2.0,8.595999718,4.11227376264944,268.700857391724,6.38454008102417,37.5,11.555679288196,0.922,1.30508367041098,,low,3.192270040512085
BEL,2025,-6.1601989579997,3.27235,799.0,95.77579144,1.07045413019414,45045.6601021398,82.1475601196289,26.8,79.7685825220163,5.906,20.3921453422236,,high,0.0
BEN,2025,2.5276563137227,,,33.98379898,7.45311566226201,1324.78312597434,10.2350101470947,34.4,41.442370995676,1.589,30.5389584270212,,middle,0.0
BFA,2025,0.358681465803854,0.10477,2.0,28.25270081,4.79980951667159,763.833733522408,10.0419678526515,37.4,31.558141814278,3.477,1.64548901950889,,low,0.0
BGD,2025,0.283870773350074,,74.0,53.42171316,4.22325911250161,1941.27874360025,23.7295608009814,30.9,37.7062779422273,3.778,0.539452073551698,0.0,middle,0.0
BGR,2025,3.1312025090285,0.79224,165.0,82.438955,3.38709063847314,10126.8980075708,69.5460433959961,39.5,67.4343775753033,3.536,13.4299683659831,0.0,middle,0.0
BHR,2025,5.73694505846498,0.19327,3.0,100.0,2.60379670648454,25812.4504577306,58.3677241853667,,64.2593849930069,1.102,0.387343644517371,,high,0.0
BHS,2025,1.51932088638775,,4.0,92.47270203,3.37866553336166,33968.2032187918,,,84.4354393074231,9.207,0.0,,high,0.0
BIH,2025,3.39024835333872,0.21437,53.0,86.10091103,2.9715174617652,6730.26828824205,45.5027618408203,30.3,52.6908459507566,11.037,6.16317357059664,0.0,middle,0.0
BLR,2025,2.28598440253164,0.5872,276.0,94.26182128,4.00984852465452,6792.13183495565,70.1107509145358,24.4,59.4634450411494,3.38,6.01576846359853,0.0,middle,0.0
BLZ,2025,4.00992513639046,,1.0,80.00582262,3.50466435023895,6290.49294452749,24.8098643151325,39.9,68.5182208409985,8.856,0.000191087699111545,0.0,middle,0.0
BMU,2024,1.27620852105354,0.22546,,98.37,5.97253260071749,122117.603586776,17.3357105255127,,,,14.3007432825453,,high,4.29022298476359
BOL,2025,0.652112801170427,0.06308,5.0,79.70469666,-1.12335595517212,3045.61476602385,,40.9,55.4920644482231,2.967,8.79395083358911,0.0,middle,0.0
BRA,2025,3.38960802616211,1.1938,4666.0,84.46347227,3.41931516597739,9566.74408628371,69.7317733764648,50.3,72.1590982894571,5.97,11.1103644206652,0.0,middle,0.0
BRB,2025,4.04185101459713,,73.0,70.36470032,2.4822621396186,21581.2171257633,50.801079116886,34.1,82.5829576162959,6.524,19.9263557583818,,high,25.400539558443
BRN,2025,0.189449066349964,0.27764,2.0,96.29828801,4.05251709306727,29563.8682753082,36.4182725443167,,78.4133595005728,5.277,1.06433459453488,,high,0.0
BTN,2025,0.338339566584512,0.09979,1.0,91.27739716,4.63215704523927,3480.51388574877,13.011259392916,28.5,41.751131926612,3.227,0.0107261524845822,0.0,middle,0.0
BWA,2025,2.40833479893043,0.561,3.0,57.45950036,-2.98986879467928,6937.33180990267,21.4087908549348,54.9,66.1987613296387,24.477,0.539469030954736,0.0,middle,0.0
CAF,2025,1.46851186564355,,,13.78250027,1.49999999847535,389.938307964229,2.77519989013672,43.0,20.5464005334446,6.251,8.29978042191414,,low,0.0
CAN,2025,2.81029565355294,1.7908,4710.0,94.353302,1.55479521049516,44413.3983847404,76.2666931152344,31.5,80.1468654728121,6.907,16.7779029827711,,high,0.0
CEB,2025,-0.147680272642613,1.34190356157401,,,2.0701601704917,16856.766201271,68.5388870239258,,63.3998239108127,4.14452082089943,15.8809772241043,0.0,high,0.0
CHE,2025,-11.5737467714118,3.22178,1288.0,97.32103855,1.30233332541106,90067.4645431168,73.5430526733398,33.8,78.1685429889649,4.873,29.6239015157944,,high,97.32103855
CHI,2025,,,,,3.71500590367266,69818.1528119104,,,85.2925913112242,6.169,,,high,0.0
CHL,2025,3.79129110936144,0.39205,402.0,95.590243,2.64431154871538,14579.4001071307,110.176902770996,43.0,72.4344092725215,8.974,8.31650307450688,0.0,high,0.0
CHN,2025,0.0989988051182737,2.57729,1426644.0,91.6,4.9773565917572,13121.6769905565,76.8757843123403,36.0,46.5308142926728,4.615,26.2777380479223,0.0,middle,91.6
CIV,2025,3.58346670744132,0.06975,26.0,41.43219902,6.01953461940062,2395.67689089222,12.3354902267456,35.3,40.301955185326,2.323,5.25759412069948,0.0,middle,0.0
CMR,2025,1.66655391243674,,,46.25880051,3.52472308052245,1480.73097431993,16.6614294830602,42.2,43.5314147377979,3.602,2.10363029161033,0.0,middle,0.0
COD,2025,4.10789956662809,0.40638,72.0,19.67350006,6.12675551779212,554.244129980766,6.37987995147705,44.7,33.4535474279797,4.434,0.199611665225369,,low,0.0
COG,2025,3.83980276481754,0.38339,,47.25159836,2.57966943921721,1679.58061097707,10.3812103271484,48.9,44.1675053748199,19.876,3.15972234574724,0.0,middle,0.0
COL,2025,3.26725954832527,0.2894,432.0,79.34543299,1.5983315366523,6863.59563194342,59.2901382446289,54.4,65.8427408631905,8.29,9.02469704912672,0.0,middle,0.0
COM,2025,0.492716315085539,,,32.51750183,3.3381010943571,1401.88898411553,18.8190281456697,30.3,51.6476459333985,3.819,3.13907204820087,0.0,middle,0.0
CPV,2025,4.03361601888808,0.06622,1.0,74.73519897,7.24388538990945,4448.96609078891,24.2905954414767,42.4,67.6890056766895,11.939,1.15215005835922,0.0,middle,0.0
CRI,2025,5.55680052586902,0.33738,15.0,87.17019653,4.32122429646145,14866.5823676109,55.0202903747559,45.5,70.032117480454,6.843,22.8587994049653,0.0,high,0.0
CSS,2025,10.6792439839521,,,,13.3129250895082,18582.6849984925,22.4458999633789,,70.8769280432021,7.55114639676154,4.36134895566411e-05,0.0,high,0.0
CUB,2025,,0.43839,21.0,70.47699738,-1.06173273220524,7381.39774048869,43.1040700506779,,67.5630816773266,1.746,7.87558913182664,0.0,middle,0.0
CUW,2024,4.347105970852,,,68.1272162511339,5.02690000000014,18044.7751865648,23.0842005676443,,,,,,high,0.0
CYM,2024,166.996362350542,,,81.0676932508161,5.8155918263088,83005.4838305223,33.0195503234863,,,,85.5232283869582,,high,25.656968516087456
CYP,2025,-133.824278977736,0.68145,1.0,89.60099246,3.94077381708404,32617.216796875,120.87727355957,31.8,81.5765146373869,4.924,18.0329234506901,,high,0.0
CZE,2025,3.76083530894919,1.83369,541.0,87.68776014,1.23308611983484,20445.432830127,66.7282867431641,25.7,62.3966739543494,2.825,22.4045215279558,0.0,high,0.0
DEU,2025,1.01586176558023,3.1539,39822.0,93.49999579,-0.495851897260366,44027.7631554469,76.7096862792969,33.7,72.9547886419257,3.711,17.9772990379432,,high,0.0
DJI,2025,1.63337101411676,,3.0,65.29889679,6.98048467276334,3290.42482052598,5.16012001037598,41.6,92.1662710237891,26.015,3.27550022198031,0.0,middle,0.0
DMA,2024,8.70431929375585,,,82.04689789,2.052738472526,9172.71049624795,,,,,2.88328233207454,0.0,middle,82.04689789
DNK,2025,4.29658848924698,3.04841,1090.0,99.76915157,3.47783593140312,60772.8624276041,78.9604110717773,29.9,79.5748181773447,5.529,17.6194498489345,,high,0.0
DOM,2025,3.6013993607877,,7.0,91.0022446,4.95352204492849,9168.45418897141,57.6509476207267,39.0,74.0204119000483,5.092,7.68868351413961,0.0,middle,0.0
DZA,2025,0.455370730483787,0.44395,268.0,77.4178009,3.69999999907979,4765.72900168387,54.4283410150344,27.6,58.2543408872525,11.633,0.960396672710236,0.0,middle,0.0
EAP,2025,0.503217325098738,2.47590303547195,,88.1,4.96144388249688,10128.2890911466,61.7415199279785,,47.0076786256634,3.9178376117136,28.0181564947106,0.0,middle,88.1
EAR,2025,1.73260756149677,0.800602425905232,,,3.66894359356229,3887.67750781635,36.2870903015137,,43.3570543531077,5.15274599833717,14.1769493280284,0.0,middle,0.0
EAS,2025,1.47109621535185,2.77406822897594,1769228.0,88.4,3.79010550023051,13252.7558734185,63.3318481445312,,49.8804456191501,3.80585541446833,34.6805931487323,0.0,middle,88.4
ECA,2025,1.56254971259269,0.90394553471454,,87.5,3.9823947129598,8634.68709000162,85.1110763549805,,56.1394001603636,6.83346297049418,10.6779888123484,0.0,middle,87.5
ECS,2025,0.610318280608877,2.13845186931503,215964.0,92.4,1.56624845618092,25973.9053281236,84.8905563354492,,69.6755164422269,5.35763709810189,21.4261686082944,,high,92.4
ECU,2025,0.355365031150455,0.43839,35.0,77.17273115,-2.00125476341026,5999.39391066593,67.8851161961618,45.9,50.9282964613367,3.308,9.99836390672699,0.0,middle,0.0
EGY,2025,11.9719350883142,1.01757,881.0,74.64839935,2.3991692678251,4137.60929232898,38.0398346509947,28.5,53.1180498028743,6.781,3.81290087814207,0.0,middle,19.01991732549735
EMU,2025,1.64242940360832,2.29924641772542,,,0.911910157337687,38254.4232216366,81.8938369750977,,74.8970738085859,6.33138964349225,21.3516584494964,,high,0.0
ERI,2025,1.8886183675912,,,14.34939957,8.67980010138049,751.374899794668,3.20262002944946,,31.7822898701048,5.978,,,low,0.0
ESP,2025,2.47896679493344,1.49362,1308.0,95.7574516,3.45525405630191,29245.2192451729,93.7689666748047,33.4,76.774166700687,10.376,9.28447661569937,,high,0.0
EST,2025,-7.97097840452121,1.83878,25.0,92.23796204,-0.0900428648493801,20078.1397620993,65.6692276000977,30.7,71.0457726757545,8.313,18.382980141257,0.0,high,0.0
ETH,2025,2.68582028016447,0.27437,6.0,21.94129944,7.61277447511073,883.458588619291,5.9192507771213,31.1,33.4085850993779,3.323,3.75062055802087,,low,0.0
EUU,2025,1.52951615929442,2.26283132761121,,,1.06455789818651,34896.3710345936,79.4997329711914,,72.8592888602171,5.92651809121259,20.6166459855189,,high,0.0
FCS,2025,1.1037887604999,0.270348755447398,,38.5,2.00694502217958,1419.27637949231,14.5780601501465,,40.7021976233898,5.12087353705196,,0.0,middle,38.5
FIN,2025,2.92666706920425,3.0938,1557.0,93.72405196,0.416171964862073,45254.0358658917,110.304496765137,27.4,75.6665546218487,9.461,9.28522659633957,,high,0.0
FJI,2025,3.41161017865705,,,74.7052002,3.53085896076352,5935.20896505673,75.0089752283697,30.7,51.7107898868497,5.347,2.99874841417736,0.0,middle,0.0
FRA,2025,1.64700185498585,2.17832,13386.0,88.65381638,1.19046798275883,39683.3953489029,71.5346908569336,31.8,78.3266612562329,7.542,23.1371073769038,,high,0.0
FRO,2024,,0.85253,,97.5819589384468,0.843716851362103,59257.6449307094,,,,,0.637987563649529,,high,0.0
FSM,2024,6.43620509110735,,,39.52360153,0.718990177344025,2930.27926555574,13.3582201004028,40.1,,,,0.0,middle,39.52360153
GAB,2025,5.47750591310442,0.57924,,68.72090149,3.39403899592401,6618.98685865885,7.65526008605957,38.0,52.2824316264551,20.154,1.77313570365975,0.0,middle,0.0
GBR,2025,-0.351465690300773,2.67614,11592.0,95.4720993,1.1264226705118,47960.9105761942,80.4146499633789,32.4,83.2346343545551,4.746,29.233260009076,,high,0.0
GEO,2025,4.68837813919395,0.26435,90.0,83.79855689,9.67979387500691,6808.07398025981,89.4861221313477,33.9,49.4768253255816,12.097,3.78381539474497,0.0,middle,44.74306106567385
GHA,2025,2.14505298599888,0.37655,12.0,72.17569733,5.59045469593266,2167.72691406678,21.330810546875,43.5,47.1708185731584,2.979,2.11003762211445,0.0,middle,0.0
GIB,2016,,,,94.4444715818151,,,,,,,,,,94.4444715818151
GIN,2025,5.60537419672227,,,33.30469894,5.35004659051708,1045.92207475817,10.8547201156616,29.6,38.4901231323681,5.163,0.899971742078623,,low,0.0
GMB,2025,9.66186331873299,0.06933,,49.49430084,5.55126069510321,758.96588872906,13.4765901565552,38.8,53.6436689000085,6.521,3.34757896376015,,low,0.0
GNB,2025,1.20132689112583,,,29.77739906,4.14631137217332,793.692157673779,2.62031006813049,33.4,29.2144614326375,2.673,5.80645161290323,,low,0.0
GNQ,2025,1.47277889961866,,,63.29930115,0.907248245986736,5041.94038551173,1.84452998638153,38.5,34.7479074828001,8.337,,0.0,middle,0.0
GRC,2025,2.6312519942121,1.4943,394.0,86.26968886,2.0865743380603,21494.6856060599,165.113418579102,33.4,73.0070237583302,8.54,15.011494857431,,high,0.0
GRD,2024,11.9486288193338,,,70.16159821,3.96332516398188,10196.0049872434,99.9891967773438,43.8,,,6.4434446202485,0.0,middle,36.047315798037275
GRL,2023,,0.64608,,69.4824617821988,0.865961986998158,49929.7755428605,,,,,1.70924920520931,,high,0.0
GTM,2025,1.63251851384265,0.00609,9.0,60.22140121,3.65186382894819,4563.09590652717,27.2948879201171,45.2,48.2345251648488,2.604,5.39604303984542,0.0,middle,0.0
GUM,2025,,0.2561,,80.5054655600831,5.09986426216793,34627.9862781837,,,79.1832966794277,5.569,,,high,0.0
GUY,2025,34.9900722943113,,40.0,83.00080109,43.8193108024355,33034.9576389333,26.4315792489043,,56.6920372875109,11.962,13.3341087055182,0.0,high,0.0
HIC,2025,1.44305832724786,2.8690798480384,870300.0,94.2,1.95000793704469,41776.3359445333,82.0356521606445,,74.9146961480993,4.40732868510062,25.8938294370333,,high,94.2
HKG,2025,30.924624334882,1.12597,401.0,95.75536971,2.50498758466826,44712.7654725532,120.08978583196,,85.8032590723654,2.799,75.5706908349979,,high,0.0
HND,2025,3.52903749551745,0.05997,8.0,58.62269974,3.55397003296669,2573.37159995648,23.3177890777588,45.7,55.9398845656115,4.92,3.87334759570957,0.0,middle,0.0
HPC,2025,4.37053598866678,,,,5.14470675657978,1015.32013675499,9.09300994873047,,33.1237793692356,4.14029129900976,2.96092659452304,,low,0.0
HRV,2025,4.87780112464328,1.38621,77.0,83.63240029,3.82688702890739,17854.2091012685,81.1775207519531,30.1,69.3106058073125,5.002,11.6739199311189,0.0,high,0.0
HTI,2025,0.0792936453462934,,2.0,47.8614006,-4.16963395808132,1154.87300909888,,41.1,44.5850424241342,14.944,,0.0,middle,0.0
HUN,2025,-27.9229280333136,1.37748,433.0,93.77898628,0.560117843140432,16518.6369936397,60.5168685913086,30.6,65.3516602373567,4.521,22.5745118826045,0.0,high,0.0
IBD,2025,1.03708691596117,1.87406846206261,,82.7,4.3517642428957,7523.39788740048,52.829891204834,,47.9626203296662,4.97734579110731,21.5228756768256,0.0,middle,82.7
IBT,2025,1.1238529627833,1.83590612524276,,70.3,4.34846625464438,5826.39109857059,39.3488082885742,,45.6002933821045,4.84304079329494,20.9847568284108,0.0,middle,70.3
IDA,2025,2.40485904811302,,,38.9,4.30577432199132,1485.87854475786,12.7190599441528,,38.3397460309029,4.42787371896187,3.59334581990031,0.0,middle,38.9
IDB,2025,1.19277507152089,0.239452283528228,,44.2,4.05581991807422,2076.03245502265,12.5017795562744,,44.6159653186572,4.42715825954522,2.93703773248515,0.0,middle,44.2
IDN,2025,1.73855500774354,0.28068,1397.0,72.78075544,5.03034469419038,4367.86266621191,44.8813034886441,34.4,50.1698745725842,3.237,8.7110437578916,0.0,middle,0.0
IDX,2025,3.22577977228334,,,36.1,4.54306460750766,1171.26544835908,12.8071804046631,,34.6404426931985,4.42829541893749,4.10574492634911,,middle,36.1
IMN,2022,,,,,-4.16539345213232,86103.3379308107,,,,,,,high,0.0
IND,2025,0.694133152879562,0.64558,26267.0,70.0,6.49476552383821,2396.94999213544,34.4465039692543,25.5,32.5575625031109,4.219,18.5723946411049,0.0,middle,43.61162599231358
IRL,2025,0.791076186083952,1.58829,75.0,97.18769836,2.59946721553708,94474.9879707069,77.5933380126953,29.0,77.932823957288,4.632,53.5184328432158,,high,0.0
IRN,2025,0.304914200880697,0.72665,10210.0,85.3404007,3.66312056830718,5834.44296939863,58.6838607788086,35.9,51.674147005512,8.301,0.814007923197325,0.0,middle,0.0
IRQ,2025,-2.73525447039729,0.0407,635.0,81.47450256,-1.54525198318304,4180.29619477317,15.5580997467041,29.8,65.2954744662424,15.485,,0.0,middle,0.0
ISL,2025,8.51889361391957,2.64005,34.0,98.209198,-0.970676468918384,59307.1777759714,76.5200729370117,26.8,78.1494643918603,3.625,53.9722930663779,,high,0.0
ISR,2025,2.73472411141711,6.34589,1592.0,88.18242225,0.871968424377442,41845.1660567523,56.2561111450195,38.3,84.0935245657305,3.489,37.2335173751738,,high,0.0
ITA,2025,1.13001784266315,1.37935,10281.0,89.2207202,0.692676948440536,34495.2545799636,75.9496536254883,34.3,70.2267616989263,6.391,12.2827088504022,,high,0.0
JAM,2025,1.38581813054415,0.06096,16.0,90.10870361,-0.535039063867487,6096.4327030963,26.2334142821948,39.9,68.9286353113298,3.286,2.64698979146794,0.0,middle,0.0
JOR,2025,3.06387579665258,0.69547,25.0,95.62244985,2.48889409603647,4016.83429143296,35.9184001120427,33.7,80.7571359278194,16.535,2.08415985427159,0.0,middle,0.0
JPN,2025,0.401239653950032,3.44125,222452.0,85.54153081,0.104309021773304,37152.5636003552,64.4907608032227,32.3,73.9575933652489,2.451,17.5547415163067,,high,0.0
KAZ,2025,0.678943746848058,0.16242,803.0,93.39167254,4.99999999996936,11872.7842626298,52.8612860406142,29.2,68.7945576301588,4.771,42.19530029659,0.0,middle,26.4306430203071
KEN,2025,0.385110027210407,0.81069,160.0,34.97622513,4.72473994710138,1860.02287047776,10.4185962462804,38.5,41.7331004461455,5.449,3.15003013612034,0.0,middle,0.0
KGZ,2025,4.03548948093475,0.05269,83.0,92.0286026,9.04013556120012,1391.68404329929,53.8761747562613,27.5,57.7310774891991,3.526,10.6711117431705,,middle,26.93808737813065
KHM,2025,9.48089832015712,0.08828,1.0,68.47530365,5.97510939607335,2182.71843902341,21.4437426836662,,37.7214984459931,0.263,5.26214140574212,0.0,middle,0.0
KIR,2024,2.62220169231084,,,89.44029999,5.26689747917099,2041.87601786956,4.96087980270386,24.7,,,2.29693114054698,0.0,middle,45.960369945675964
KNA,2024,3.74957950139418,,,76.88400269,0.312226855858171,21692.2406392872,93.92236328125,,,,34.6026368990477,0.0,high,76.88400269
KOR,2025,0.685857996519477,4.94352,186245.0,97.89563777,2.00361101838986,37048.4264001496,111.853302001953,32.9,71.5133653919359,2.683,36.2582559366674,,high,0.0
KWT,2025,0.383567812220823,0.08954,1.0,100.0,-2.56011099967517,23867.826500295,51.8967176944636,,73.496713591539,2.181,5.82777648932315,,high,100.0
LAC,2025,2.73979174344952,0.696712396676236,,83.6,1.97324501012739,8638.66600811342,56.6634292602539,,66.1811113670222,5.28568569134171,13.6400372667198,0.0,middle,83.6
LAO,2025,5.98958863567394,0.0371,1.0,65.59269714,4.13019264436937,2721.07810663082,14.8841695785522,34.7,23.9881235384869,1.187,7.41963729583454,0.0,middle,0.0
LBN,2024,3.26435467389127,,110.0,80.63400269,-0.760584470257314,5834.63415739394,54.4012561547071,35.5,76.3636463691127,10.985,2.89591276881506,0.0,middle,40.75138826032226
LBR,2025,9.86626133953545,,,32.23360062,4.02185464964835,665.101337624192,10.838520055325,35.3,50.531159632099,2.884,0.643718596498284,,low,0.0
LBY,2025,1.80500147243983,,,81.95449829,1.89995052025442,7696.0807819319,58.543701171875,,71.3751590394371,18.758,0.604680774692483,0.0,middle,0.0
LCA,2025,7.32073642166254,,2.0,68.20500183,3.89175024218898,11854.9517233237,15.0396404266357,43.7,76.3163034985676,9.452,9.33224017462958,0.0,middle,0.0
LCN,2025,2.83019279156142,0.682501882174588,8385.0,83.7,2.25365117533329,8873.03538905768,58.9027099609375,,66.81568377692,5.45906708114628,13.1170868158088,0.0,middle,83.7
LDC,2025,2.49378572238924,,,33.7,3.85645809654653,1091.33824852468,11.0492496490478,,33.3567540780648,4.66480928166506,8.04225673379678,,low,33.7
LIC,2025,4.7034478710177,,600.0,23.4,2.32616172345091,663.92559694882,9.28015041351318,,29.8602673682513,5.26006571299697,2.11978789576814,,low,23.4
LIE,2024,-1303.10826691135,6.00984,,98.2641983,-1.15748291975636,167187.15730982,46.0189590454102,,,,,,high,98.2641983
LKA,2025,0.769118881748846,0.10506,266.0,54.59,5.00871930957159,4186.4986638365,20.7412633848006,37.7,47.8392733572592,4.005,1.53793971540437,0.0,middle,0.0
LMC,2025,1.82835761191768,0.517959764163889,42400.0,62.9,5.17324978806563,2425.46811159982,27.4404697418213,,38.6670767807303,4.30947956350675,21.5562823901681,0.0,middle,62.9
LMY,2025,1.10723645786206,1.94633533666676,,,4.36075037491024,5652.87507726956,38.7901611328125,,44.7060365816141,4.91298327796184,21.9392282488692,0.0,middle,0.0
LSO,2025,-0.5534084172031,0.09453,1.0,51.79660034,2.85452253179545,991.069661910744,9.93844298033582,44.9,36.0864752457691,16.315,0.0895832496967832,,low,0.0
LTE,2025,0.803155160614853,2.08942406944005,,,4.48755005392181,11914.0272194525,69.3638916015625,,51.6959544549845,4.49842503652739,28.1050615003093,0.0,middle,0.0
LTU,2025,5.53816765536591,1.04977,81.0,89.16116293,2.77263124530285,19092.6451176955,75.6177368164062,36.0,69.435273271226,6.731,17.3245506640985,0.0,high,0.0
LUX,2025,113.622225285264,1.07045,112.0,99.12902211,0.35861253942069,104147.1739928,22.4103698730469,33.6,91.4778095399598,6.343,5.0736120319212,,high,99.12902211
LVA,2025,3.46583040049498,0.8236,104.0,92.70757011,-0.0461080109713521,16374.773539624,82.917350769043,34.0,71.5002159943841,6.568,17.4901914812882,0.0,high,0.0
MAC,2025,3.82364491952989,0.31097,2.0,89.82640076,7.84960207010525,63377.2932129214,141.864795918367,,88.6334455776545,2.347,0.0,,high,0.0
MAF,2021,,,,,4.89999967133534,,,,,,,,,0.0
MAR,2025,1.02047789871899,0.66036,254.0,91.2,3.79336515978963,3516.15405273438,48.1839617510572,39.5,48.2745559288651,9.0,5.43070567261144,0.0,middle,0.0
MCO,2024,,0.03821,5.0,99.04489899,8.51053758860212,247170.219910657,77.4806900024414,,,,,,high,68.89262199561034
MDA,2025,2.51844626798863,0.21589,64.0,77.3687973,0.103059364371205,3851.51202518347,74.7109378669046,26.8,36.9441386019795,1.505,2.92514721596985,0.0,middle,0.0
MDG,2025,3.47985819890072,0.01275,6.0,18.67790031,4.19999999988647,453.383067004772,6.1466638463036,36.8,20.8882641065098,3.041,0.958835172179217,,low,0.0
MDV,2025,11.416720004027,,,85.23999786,3.49440422654285,11798.791369146,48.4968654322788,29.3,71.7657917507932,4.514,0.00227056785155377,0.0,middle,0.0
MEA,2025,3.81341246026811,1.32901982491162,17557.0,63.7,2.11232485351741,5466.08902649321,29.6833095550537,,51.5948725308762,7.79483882954434,8.58757800098424,0.0,middle,63.7
MEX,2025,2.44966474077028,0.25372,1117.0,83.12233799,1.42742769080466,10316.4611902215,48.203441619873,42.6,64.0792516022262,2.673,19.3037596613987,0.0,middle,0.0
MHL,2024,4.60476895318283,,,65.915802,2.50192717852873,5811.03355673487,37.6853055916775,35.5,,,,0.0,middle,42.37922739791937
MIC,2025,1.07706320946648,1.9525754024907,,,4.38303528532211,6177.02279223057,43.2768402099609,,45.8679126135992,4.88571220068297,22.0193342881228,0.0,middle,0.0
MKD,2025,6.23445070666485,0.37363,42.0,93.1,2.99373536567732,6628.84686594032,55.0082015991211,33.5,60.8712604359926,12.256,6.3599119716616,0.0,middle,93.1
MLI,2025,3.43740692659041,0.14743,,36.80149841,4.99226917482922,909.755317910813,5.12750941173932,35.7,28.3964232086821,2.831,5.3606547607953,,low,0.0
MLT,2025,170.537958922807,0.64792,5.0,93.86029816,6.79990300224401,34670.0815997119,80.5250091552734,31.8,81.3861453233266,2.896,45.179167089137,0.0,high,0.0
MMR,2025,1.47879223317634,0.02307,,45.4477005,-0.97204641363362,1158.47928099316,20.3723297119141,30.7,36.8856128126541,3.047,5.19991999790977,0.0,middle,0.0
MNA,2025,2.34674901557747,0.538755837378145,,0.0,2.22259348944316,3023.05283337065,,,47.7946520801708,8.69378066221379,2.7534454080497,0.0,middle,0.0
MNE,2025,7.24824965709432,0.36328,5.0,88.88258428,3.16409886329913,8540.00828913129,55.1743011474609,34.3,77.5793384016688,13.572,14.4622662813729,0.0,middle,0.0
MNG,2025,11.6924984371367,0.08365,109.0,85.12349701,5.12204539122661,4626.79609644243,69.044059753418,31.4,49.9059178481407,5.233,22.5365545669935,0.0,middle,0.0
MNP,2022,,,,,16.6427546628408,19461.8611129744,,,,,,,high,0.0
MOZ,2025,15.4256916399298,0.30814,30.0,20.52729988,2.14854964610538,605.604720848519,7.4630510423433,49.6,20.5539713948222,6.628,3.6302648420799,,low,0.0
MRT,2025,13.2039338372346,0.01019,,45.77939987,6.30760213290844,1688.6139322919,5.97194330025359,32.0,52.8346574833529,10.319,9.44834081238425,0.0,middle,0.0
MUS,2025,4.56073459342588,0.26181,6.0,73.30793533,4.92512304864294,11934.770909957,45.7771156388358,36.8,74.6679068151951,5.635,1.21703538647261,0.0,middle,0.0
MWI,2025,2.27963607830505,0.17752,3.0,18.96159935,1.6734340852915,551.95152347056,2.70813684546823,38.5,27.6789722316402,5.072,1.64552794448662,,low,0.0
MYS,2025,3.6930953933026,1.0121,883.0,98.0206059,5.10545921024041,11883.79127749,38.5013945445142,40.7,64.8618460303923,3.764,58.6276748543331,0.0,middle,0.0
NAC,2025,1.16188454203834,3.32644050404442,274038.0,95.6,2.69993075266272,63990.5959352171,79.0441970825195,,79.6285626729315,4.51095574626817,22.911841443645,,high,95.6
NAM,2025,14.4696554951116,0.64636,8.0,64.87460327,3.71154502416731,4034.35053463284,26.1092654658031,59.1,61.1148788443866,19.291,0.117288080576373,0.0,middle,0.0
NCL,2025,8.48945728851914,,,82.0058408035186,-13.5,30858.7237060533,,,77.5702935032022,11.174,5.267295899888,,high,0.0
NER,2025,1.80157547660986,,,15.55760002,10.3000000007793,595.151744559316,4.15170730347346,32.9,17.7370462985117,0.394,8.61766309210248,,low,0.0
NGA,2025,0.428249682662515,0.28444,410.0,41.21139908,4.06236408888319,2324.64881202751,9.74153350922586,33.9,49.4564057132697,3.064,2.71167186435579,0.0,middle,0.0
NIC,2025,6.86656428120852,0.10742,1.0,61.39550018,3.5878302292345,2290.47162505995,30.3635101318359,46.2,52.6494477494836,5.04,0.596452227371355,0.0,middle,0.0
NLD,2025,-1.40403571808501,2.26719,2080.0,97.00679779,1.08100584845663,51178.5256968147,86.5938262939453,25.7,84.5396712399754,3.874,23.4680052763745,,high,0.0
NOR,2025,2.50917917104619,1.85142,946.0,99.0,2.09723059960317,79667.5272314776,95.4987564086914,26.5,79.6640127716935,4.637,25.4139359384172,,high,0.0
NPL,2025,0.132590416512966,0.30221,20.0,46.32189941,3.66537430744967,1179.81272768386,21.2915596292014,30.0,45.8085364628854,10.465,0.617520704475872,,middle,0.0
NRU,2024,-3.59566562291604,,,83.01170349,1.38888888888904,8570.95582950675,,32.4,,,,0.0,middle,83.01170349
NZL,2025,0.676410624636643,1.54848,330.0,93.51930237,1.28862004711685,42408.2378731636,77.2406463623047,,74.6438838430131,5.076,12.9670750449435,,high,0.0
OED,2025,1.08459526909667,2.92916270172344,,,1.80676868744605,40461.3496678975,78.6357879638672,,74.0371525211173,4.92579055790538,22.3506357647359,,high,0.0
OMN,2025,11.6351181523148,0.38979,30.0,95.25174678,1.63163221127449,17347.2911339051,42.226921081543,,54.6167366130906,3.251,5.00539346096146,,high,0.0
OSS,2025,-2.74967868768225,1.36645544626259,,,2.8832579743179,12597.7224556377,22.5716896057129,,68.7017188624589,8.59167767443203,23.639789353007,0.0,middle,0.0
PAK,2025,0.7166886452434,0.16399,426.0,57.253,3.04898287335465,1634.56735260799,10.8564126844434,33.5,38.514965787622,5.42,2.43815248015808,0.0,middle,0.0
PAN,2025,3.74510335231647,0.19708,35.0,72.77149963,2.74788545546916,17122.720655567,53.6949637061742,49.7,66.9520127272771,8.36,1.7673082163249,0.0,high,0.0
PER,2025,2.35092628744149,0.17611,94.0,81.95705992,3.30394098171516,6711.19403272527,71.2404708862305,40.1,60.0786745440895,5.117,5.21372377596414,0.0,middle,0.0
PHL,2025,2.03595540906242,0.27625,490.0,67.26300914,5.69201612823412,3925.3048697218,47.4134996154186,39.3,59.5480051595847,2.235,60.975307025875,0.0,middle,0.0
PLW,2024,28.8707822649542,,,83.92549896,2.21599800170485,13128.1314312511,71.8428437792329,,,,51.6836869301107,1.0,middle,59.923460424808226
PNG,2025,-0.6236311790975,0.03158,1.0,18.81159973,3.79979560086888,2564.73748186493,,41.9,55.2660602935947,2.571,10.2480784684723,0.0,middle,0.0
POL,2025,2.24523191798779,1.55525,3377.0,88.58496367,3.02841630700273,18000.5034591285,80.9149627685547,28.5,63.7521015412052,2.976,13.5099699026858,0.0,high,0.0
PRE,2025,1.53808800126193,,,,3.31272809044805,1440.28390969245,8.72068023681641,,37.6368789080897,4.54137517937725,,0.0,middle,0.0
PRI,2025,,0.42882,,87.29178106,3.17707554784896,30971.2620550191,77.9263575380698,,84.1413773187735,5.991,,,high,0.0
PRK,2025,,,6937.0,0.0,,,26.7206192016602,,23.5148640139739,3.545,,,,0.0
PRT,2025,4.30503475485494,1.69491,711.0,88.48704454,2.13967177177636,22647.3791895579,77.6778182983398,33.9,72.6728676887903,6.164,6.77343918950435,,high,0.0
PRY,2025,2.46843780233781,0.14117,10.0,81.57806793,4.24996010464072,6640.83816613117,37.6179261040957,44.2,65.0838345545717,4.803,10.5004049492786,0.0,middle,0.0
PSE,2024,1.18281329825606,0.45434,,86.63765334,-26.5575264529877,2072.09019517685,44.4904623709098,36.4,63.7764456981664,24.42,1.84344953927492,0.0,middle,0.0
PSS,2025,2.68484327217168,,,,3.39271983855302,3921.37323131971,29.3007507324219,,50.5740774786474,3.51831083728422,,0.0,middle,0.0
PST,2025,1.46532964544321,3.02091743107871,,,1.79546895973735,46567.2575677716,80.2341079711914,,76.7307614585124,4.69671542934052,25.6528987579653,,high,0.0
PYF,2025,-0.219284661446365,,,72.7038953132942,1.12638897730247,20846.6514059991,,,83.7482756355515,11.662,1.92522086808869,,high,0.0
QAT,2025,0.209965001654649,0.68058,47.0,98.08540344,2.35970586926597,62157.3751791848,43.0178909301758,35.1,60.35965499607,0.13,2.80655334313522,,high,0.0
ROU,2025,1.87134949618788,0.51656,772.0,91.29048551,0.916003764382594,12459.9112061891,55.1682891845703,29.8,56.4832124177493,5.992,13.4497511493721,0.0,middle,0.0
RUS,2025,-0.430126781944773,0.93706,19569.0,94.36495368,4.34437475491529,11043.259765625,60.3891235376867,33.0,69.0585484649102,2.133,9.72984772707015,0.0,middle,0.0
RWA,2025,4.02009319742237,0.78149,14.0,31.70330048,8.89065529573114,1070.45003770926,9.41173924647801,39.4,46.5412225721368,11.363,4.78472979585672,,low,0.0
SAS,2025,0.66627173734269,0.629398082132028,23872.0,67.8,6.23259967615652,2355.24832417956,32.7833213806152,,33.4493244173949,4.24316978447462,18.0589039340453,0.0,middle,67.8
SAU,2025,1.72104243015611,0.63522,1398.0,100.0,1.99650173436159,24963.3322139095,83.884129573915,,74.4304575440061,3.038,0.544002126713625,,high,0.0
SDN,2024,1.37399372870934,0.225,153.0,18.60000038,-13.9643375197179,578.38916015625,15.8645696640015,34.2,46.2442434159355,7.53,2.20240348221045,0.0,low,0.0
SEN,2025,6.1461393599949,0.5772,,60.11780167,6.06055141198976,1511.89280670234,15.3302400879779,36.2,47.9248738621857,2.735,3.0439766592332,0.0,middle,0.0
SGP,2025,24.676735941018,1.80821,2024.0,94.37757178,4.38802362461865,67706.8336149739,97.2886546863037,,85.906755500253,2.818,59.429782938503,,high,0.0
SLB,2025,2.08128126058924,,,29.04070091,2.99755987604104,1806.38367324387,,37.1,49.9547595242512,1.431,1.35922325473902,0.0,middle,0.0
SLE,2025,1.7469962843978,,,25.10499954,4.29322336690163,1137.29005673054,1.98783004283905,35.7,44.0369486705191,3.15,0.736114020377876,,middle,0.0
SLV,2025,2.61241857793703,0.10152,2.0,66.47769928,2.60202016121069,4585.22599757795,32.8347079463918,39.8,63.0108282742462,3.303,5.47333119441725,0.0,middle,0.0
SMR,2024,-0.893347982047045,,7.0,97.35220337,0.401934896977224,51323.7972635865,57.5487465181059,,,,,,high,63.063288314526474
SOM,2025,6.39257959388318,,,27.94020081,4.11139335779471,467.269910194415,,,52.2194392045983,18.948,,,low,0.0
SRB,2025,6.20170332537196,0.93978,138.0,87.69071294,3.94992622592932,8580.26105823259,70.582649230957,32.8,54.9047279856067,7.123,4.54619756956742,0.0,middle,0.0
SSA,2025,2.20339508836362,0.449511761428983,,36.5,3.36470475625489,1668.197792687,9.27089023590088,,39.1258044491768,5.93967607931729,6.10666457026342,0.0,middle,36.5
SSD,2023,0.0012502291294692,,,6.671000004,-10.7933646271143,1080.14718624765,,44.0,34.5674763692935,12.374,,,low,0.0
SSF,2025,2.25032890254869,0.442468713514622,1834.0,35.7,3.59733324708962,1589.32982537075,9.27116012573242,,38.4951015257407,5.65798225644767,6.0701465341133,0.0,middle,35.7
SST,2025,1.43652749590238,0.853701922172335,,0.0,6.12150935431907,12776.0630940034,22.8753509521484,,66.935223624279,7.75664307665696,22.5696838064103,0.0,middle,0.0
STP,2025,-2.02904327860989,,,59.11759949,1.09999940100751,1368.14347554019,12.8210802078247,40.7,65.4241967871486,9.132,29.2734328924522,0.0,middle,0.0
SUR,2025,-0.850285319023894,,,87.4,1.72095737011739,7246.2576795921,2.56642457392281,39.2,66.9213955372514,7.834,10.3729916697731,0.0,middle,0.0
SVK,2025,3.55503662060591,1.03359,146.0,89.82507032,1.93867445549446,19776.1758069498,54.4743194580078,23.8,63.3086886994208,5.359,10.5935553645599,0.0,high,0.0
SVN,2025,2.5587649173879,2.13385,222.0,90.76355487,1.73139722479493,26134.627203987,80.0806884765625,24.7,64.3742586208093,3.175,8.34338034336379,,high,0.0
SWE,2025,4.47808450970011,3.59978,1771.0,95.76629783,0.820071806703865,54209.9474264877,83.9988098144531,29.3,81.4112121058729,8.694,17.6524551082203,,high,95.76629783
SWZ,2025,1.55448906259813,0.27807,,63.40309906,2.97391075973985,3864.20550510839,6.43545771863543,54.6,58.7199520290647,34.202,0.285307158606886,0.0,middle,0.0
SXM,2024,2.06435549473904,,,,3.00000000000014,34840.1808966872,7.65284309533989,,,,,,high,0.0
SYC,2024,10.4342001858715,0.2017,3.0,87.81800079,3.46568066415341,16586.4074964781,14.5342502593994,32.1,,,0.0899054165105232,0.0,high,31.704032514884286
SYR,2025,1.19065657189387,0.04217,102.0,33.77000046,0.732781301861365,712.272278200037,43.7606582641602,26.4,58.5022194902612,13.569,1.38292716055376,0.0,low,0.0
TCA,2024,2.5209301366237,,,,5.63682517443362,57179.29601876,25.2537080405933,,,,2.19852999029956,,high,0.0
TCD,2025,5.2230945466515,0.23294,,12.62689972,4.19925854085865,849.707321000625,4.39665967267065,37.4,19.7618957733346,1.057,,,low,0.0
TEA,2025,0.503187348651075,2.47590303547195,,88.9,4.96151507087535,10242.3676287334,62.1942710876465,,47.3778957359867,3.92368997709517,28.0181564947106,0.0,middle,88.9
TEC,2025,1.05681323811387,0.992713392569438,,90.8,3.80534822218803,10447.7265615175,88.6189193725586,,62.1101308380838,4.61967413491655,12.0816366965877,0.0,middle,90.8
TGO,2025,0.786342441379874,0.22229,,39.48320007,6.53204505563791,931.029965529857,14.9029897765252,37.9,44.2472358206748,1.995,0.681948279595617,,low,0.0
THA,2025,2.71636831286516,0.93628,867.0,90.86718789,2.54182067735289,6574.46109387985,49.0776442074561,33.3,49.2059648636357,0.781,28.3057768762254,0.0,middle,24.53882210372805
TJK,2025,2.05083616601343,0.08969,1.0,55.79339981,8.39999980983981,1496.33813395037,35.6398418742497,36.1,39.071884534804,6.931,15.2077910112936,0.0,middle,0.0
TKM,2025,3.2007384018073,0.09,,17.99029922,6.2994265836889,8231.49544263659,20.4250351701637,,49.5001690684825,4.267,,0.0,middle,0.0
TLA,2025,2.83299893635431,0.682501882174588,,83.9,2.2781470509277,8746.2934214582,59.0615386962891,,66.7232033023266,5.50985450118759,13.1638876701563,0.0,middle,83.9
TLS,2025,12.0853687045097,,,35.04199982,-9.10069369772735,1149.21888298011,30.9611108169641,28.7,50.1772559153265,1.592,1.52605032155587,0.0,middle,0.0
TMN,2025,2.35451754569171,0.538755837378145,,60.2,2.41973722378488,3029.88305321206,,,47.7946520801708,8.69378066221379,2.76625579603697,0.0,middle,60.2
TON,2025,0.44357392332268,,,67.4417038,2.79014366862668,4680.29974543195,42.8611738148984,27.1,53.0482808848967,2.008,28.4602948799521,0.0,middle,0.0
TSA,2025,0.666271737342691,0.629398082132028,,67.8,6.23259967615652,2355.24832417956,32.7833213806152,,33.4493244173949,4.24316978447462,18.0589039340453,0.0,middle,67.8
TSS,2025,2.25032890254869,0.442468713514622,,35.2,3.59733324708967,1589.32982537075,9.27116012573242,,38.4951015257407,5.65798225644767,6.0701465341133,0.0,middle,35.2
TTO,2025,-1.76782828873977,0.05039,2.0,82.15989685,2.50920813979569,16312.4849555716,23.8493010569383,,71.3244357607712,3.329,0.223696636088891,0.0,high,0.0
TUN,2025,1.4797736580075,0.74658,180.0,76.5,1.61444564976986,4006.20588267443,38.1219482421875,33.7,54.2620289656687,15.108,7.70110744284105,0.0,middle,0.0
TUR,2025,0.860701598247461,1.42224,8234.0,89.77024003,3.3276230893799,15395.0278894893,105.88606262207,43.7,58.4894545483468,8.52,5.13775956987065,0.0,high,89.77024003
TUV,2023,0.267002517757908,,,35.20000076,3.85280919517032,4773.34085526672,19.3509615384615,39.1,,,,0.0,middle,9.67548076923075
TZA,2025,2.17843632795407,0.51456,1.0,31.16209984,5.5263138305945,1120.77416992188,4.01880979537964,40.5,27.3246630727964,1.572,3.00569275084221,,low,0.0
UGA,2025,6.04170465829259,0.4383,14.0,8.949831061,6.05558075875589,986.090145363924,4.61899995803833,42.7,27.8501794525323,2.746,1.91593833437355,,low,0.0
UKR,2024,2.1065185105382,0.36988,1302.0,82.47489929,2.9138222142611,2219.04248046875,87.1920013427734,25.6,60.6651539753775,9.834,6.37028789775054,0.0,middle,33.38254658267797
UMC,2025,0.884040730318081,2.03350874454129,1391200.0,88.8,4.17952127549748,10332.0594464473,64.5994720458984,,52.6399892432513,5.42133730167977,22.612282824438,0.0,middle,88.8
URY,2025,-4.86239476784597,0.70196,23.0,91.99109007,3.10825478066172,18958.6033293537,79.9536903496537,40.0,73.1514842368313,7.516,9.84178975855216,0.0,high,0.0
USA,2025,1.03321085618604,3.44716,262244.0,94.69380188,2.79300127716779,66356.1706750101,79.361930847168,41.8,79.5627787515985,4.198,24.322982844202,,high,0.0
UZB,2025,2.5972703195852,0.10416,413.0,89.50550079,6.49999999997677,3890.41593075015,59.8086982926392,32.7,50.1906943451481,4.622,1.73386305963966,0.0,middle,29.9043491463196
VCT,2025,12.0060314102276,0.1139,,76.19010162,4.06183490050209,9485.18771201686,41.4983277591973,,69.7907911773391,18.003,4.93442861881868,0.0,middle,0.0
VEN,2025,1.36272366359347,0.33713,96.0,76.67890167,5.29999999999984,1501.02277449885,78.2699203491211,44.7,74.3732817797608,5.307,,1.0,middle,0.0
VGB,2024,,,,77.7042682926829,,,29.5605306799337,,,,,,,14.78026533996685
VIR,2025,,0.02717,,64.3774942980087,-1.31123206333498,36983.431060272,,,81.8619772425004,11.443,,,high,0.0
VNM,2025,4.23394171325231,0.41456,1066.0,84.15,7.09118746633975,4017.74604111554,37.5923642016718,36.1,40.1305077279733,1.523,44.256885251682,0.0,middle,0.0
VUT,2025,2.58164239501493,,,22.35140038,0.942185362275907,2697.09183254533,4.87792015075684,32.3,45.4272811284895,5.073,,0.0,middle,0.0
WLD,2025,1.32595274334775,2.59056888571504,2385200.0,73.6,2.87194964204316,11851.505171614,43.6151390075684,,50.5581384091108,4.79097241077406,24.758870073466,0.0,middle,73.6
WSM,2025,0.318181346491415,,1.0,21.20000076,4.74838445564714,4880.54418032056,16.0263900756836,38.7,57.1816359992713,4.996,76.6700641079328,0.0,middle,0.0
XKX,2024,7.67877491657097,,,89.4430319734879,4.5730971681166,5631.68223392136,,38.3,,,,0.0,middle,0.0
YEM,2025,-1.30563839823089,,20.0,17.49099922,0.752447592962554,1079.32938366255,8.80690002441406,36.7,57.254720049211,17.322,4.82928415383478,0.0,low,0.0
ZAF,2025,0.580891709673066,0.61479,1804.0,78.35759735,0.534843531905139,5715.47531469148,23.493768799339,54.1,73.833224386876,32.391,5.70923344153222,0.0,middle,0.0
ZMB,2025,9.32437789659637,0.27819,13.0,17.10099983,3.82004825518591,1343.38966380353,3.96159738763825,51.5,35.1915560379026,5.918,1.4719428559393,0.0,middle,0.0
ZWE,2025,1.12046122708248,,8.0,41.64279938,1.74239524880791,1417.71894115853,7.74912957845971,50.3,34.1608804151819,9.293,2.79801736625087,0.0,middle,0.0
